,index,alias,idpersoon,old_idpersoon
0,0,Bertrand dit Béto,154,batfra_154
1,1,Rooie Pieter,638,batfra_638
2,2,"Ville-sur-Illon, Comte de Lacépède.",145,batfra_145
3,3,"Verhuell, Graaf van Sevenaer.",35,batfra_35
4,4,"Twenth van Raephorst, Graaf van Rozenburg.",15,batfra_15
5,5,"Winter, Graaf van Huessen",207,batfra_207
6,6,"Cambacérès, Prince-Duc de Parme",71,batfra_71
7,7,"Caulaincourt, Duc de Vicence",129,batfra_129
8,8,"Clarke, Duc de Feltre",77,batfra_77
9,9,"Duroc, Duc de Frioul.",126,batfra_126
10,10,"Gaudin, Duc de Gaëte",81,batfra_81
11,11,"Moncey, Duc de Conegliano",94,batfra_94
12,12,"Lebrun, Prince-Duc de Plaisance",100,batfra_100
13,13,"Maret, Duc de Bassano",73,batfra_73
14,14,"Nompère de Champagny, Duc de Cadore",80,batfra_80
15,15,"Régnier, Duc de Massa",84,batfra_84
16,16,"Savary, Duc de Rovigo",85,batfra_85
17,17,Pol,871,batfra_871
18,18,Dedden,1442,batfra_1442
19,19,Tymmerman,1486,batfra_1486
20,20,Nanninks,1489,batfra_1489
21,21,Borgerink,1325,batfra_1325
22,22,Bruins,1308,batfra_1308
23,23,Brons,1308,batfra_1308
24,24,Heumelder,1505,batfra_1505
25,25,Snijders,1387,batfra_1387
26,26,Meilink,1676,batfra_1676
27,27,Leeuwenkamp,1746,batfra_1746
28,28,Adriaansen,1761,batfra_1761
29,29,Kaelcken,1802,batfra_1802
30,30,Nieuwenhuis,1818,batfra_1818
31,31,Baars,1856,batfra_1856
32,32,Caen,2438,batfra_2438
33,33,"Noever, Ten",861,batfra_861
34,34,Vrijdag,1306,batfra_1306
35,35,Sut,2349,batfra_2349
36,36,Bisschop,2572,batfra_2572
37,37,Gerritzen,2629,batfra_2629
38,38,Drochlet,2845,batfra_2845
39,39,Droilhet,2845,batfra_2845
40,40,Jalink,2806,batfra_2806
41,41,,2573,batfra_2573
42,42,Issing,2907,batfra_2907
43,43,Orklij,2749,batfra_2749
44,44,Pijpers,2842,batfra_2842
45,45,Dingman,2998,batfra_2998
46,46,Haagen.,378,batfra_378
47,47,Gaschard,2987,batfra_2987
48,48,Bonnikerhausen,3096,batfra_3096
49,49,Feijt,2812,batfra_2812
50,50,Schneitter,3175,batfra_3175
51,51,Ogelwigt,3162,batfra_3162
52,52,Suermond,2698,batfra_2698
53,53,,3112,batfra_3112
54,54,,1171,batfra_1171
55,55,,2192,batfra_2192
56,56,,462,batfra_462
57,57,,122,batfra_122
58,58,,65,batfra_65
59,59,,1748,batfra_1748
60,60,,2510,batfra_2510
61,61,,1682,batfra_1682
62,62,,234,batfra_234
63,63,Van Middachten van Vrieswijk en Oldhagensdorp,1319,batfra_1319
64,64,Muentz,1256,batfra_1256
65,65,Sijpkens,350,batfra_350
66,66,L' Espinasse,831,batfra_831
67,67,Tobias.,57,batfra_57
68,68,Vermoedelijk Goske Cassa.,2832,batfra_2832
69,69,Aufmorth,2598,batfra_2598
70,70,Migchels,3339,batfra_3339
71,71,Verhousen,20,batfra_20
72,72,Naam las eerst als Masehoek.,3368,batfra_3368
73,73,Vatenbender,934,batfra_934
74,74,Heijden,3385,batfra_3385
75,75,Of J.G.C.,3362,batfra_3362
76,76,Blijswijk Parde,3371,batfra_3371
77,77,Raay,3390,batfra_3390
78,78,Fallee en Galle.,3367,batfra_3367
79,79,,3386,batfra_3386
80,80,F.H. zou ook kunnen.,3207,batfra_3207
81,81,NB Elders lijkt er sprake te zijn van andere voorletters in rijtje met dezelfde collega's (C.A. voor C.A. van Ray? Dus vermoedelijk gewoon een fout.),2661,batfra_2661
82,82,Elders J.H.,3185,batfra_3185
83,83,Boudewijn (zie Van der Aa.),629,batfra_629
84,84,Adrianus Francois,69,batfra_69
85,85,Jacob George Jeronimo,498,batfra_498
86,86,,2986,batfra_2986
87,87,"Zou ook Tilenius kunnen zijn, zie hiertoe Van der Aa.",2893,batfra_2893
88,88,Fromant,210,batfra_210
89,89,Gazinget,2968,batfra_2968
90,90,Gerritsen,2629,batfra_2629
91,91,Goetzee,1563,batfra_1563
92,92,Zeylstra,1117,batfra_1117
93,93,Kijmmel,2975,batfra_2975
94,94,Kok,2885,batfra_2885
95,95,Kühl,2753,batfra_2753
96,96,Lelijveld,2646,batfra_2646
97,97,Mallevault,259,batfra_259
98,98,Marnet,592,batfra_592
99,99,Covert,1014,batfra_1014
100,100,Polarin,3393,batfra_3393
101,101,Reijn,2887,batfra_2887
102,102,Romerts,1632,batfra_1632
103,103,Reynders,1604,batfra_1604
104,104,Nijenhuis,1657,batfra_1657
105,105,Barink,1659,batfra_1659
106,106,Stokebrand,1672,batfra_1672
107,107,Braak,1680,batfra_1680
108,108,Lammerdink,1726,batfra_1726
109,109,Haasewinkel,1740,batfra_1740
110,110,Schuijseman,1741,batfra_1741
111,111,Bekman,1749,batfra_1749
112,112,Geurts,1783,batfra_1783
113,113,Vooren,2829,batfra_2829
114,114,Volckar,2902,batfra_2902
115,115,Okke,2712,batfra_2712
116,116,Siebes,3432,batfra_3432
117,117,Berkhof,3348,batfra_3348
118,118,Bisschop,2577,batfra_2577
119,119,Bernhofft,2850,batfra_2850
120,120,Scheffer,3403,batfra_3403
121,121,Slingenburg,3295,batfra_3295
122,122,"Clé, J. la",528,batfra_528
123,123,Ekkenhuisen,2782,batfra_2782
124,124,Deurveldt,3280,batfra_3280
125,125,Bisschop,3486,batfra_3486
126,126,Saaijmans,2888,batfra_2888
127,127,Eikendal,2756,batfra_2756
128,128,De Coninck d'Outryve,135,batfra_135
129,129,Wittert van Bloemendaal,3569,batfra_3569
130,130,Harij,2995,batfra_2995
131,131,Calkoen van Kortenhoef,422,batfra_422
132,132,Van Asbeck tot Berge en Munsterhausen,439,batfra_439
133,133,Van Aylva van Waardenburg en Neerijnen,693,batfra_693
134,134,Van Brienen van de Groote Lindt,222,batfra_222
135,135,Van Wickevoort Crommelin van Berkenrode,4,batfra_4
136,136,Van der Goes van Dirxland,17,batfra_17
137,137,Van Heeckeren van Enghuizen,1566,batfra_1566
138,138,Van Heeckeren van Beverweerd,1566,batfra_1566
139,139,Van Leyden van Westbarendrecht,14,batfra_14
140,140,Van Lynden van Lunenburg,180,batfra_180
141,141,Van Pallandt van Eerde,465,batfra_465
142,142,Van Pallandt tot Beerse,465,batfra_465
143,143,Sloet van Warmelo,3086,batfra_3086
144,144,Van Spaen van Biljoen,915,batfra_915
145,145,Van Spaen la Lecq van Hardenstein,3190,batfra_3190
146,146,Hendrik Jansz. Mossel van Stralen,392,batfra_392
147,147,"Fontein Verschuir van Heiloo, Oesdom en ter Coulster",298,batfra_298
148,148,De Vos van Steenwijk van den Hogenhof,181,batfra_181
149,149,Van Bylandt Halt,726,batfra_726
150,150,Nagell,3257,batfra_3257
151,151,Van Pallandt van Keppel,428,batfra_428
152,152,Van Pallandt van Barlham,428,batfra_428
153,153,Van Rhemen van Rhemenshuizen,886,batfra_886
154,154,Singendonck van Dieden,909,batfra_909
155,155,Staring van den Wildenborch,1513,batfra_1513
156,156,Van Zuylen van Nievelt van den Schaffelaar,961,batfra_961
157,157,Van Dedem van de Rollecate,2516,batfra_2516
158,158,Van Dedem van de Berg,2516,batfra_2516
159,159,Van Haersolte tot den Doorn,777,batfra_777
160,160,Reint Willem van Middachten,1319,batfra_1319
161,161,Beelaerts van Emmichoven,2680,batfra_2680
162,162,Gevaerts van Geervliet,2112,batfra_2112
163,163,Reepmaker van Strevelshoek,565,batfra_565
164,164,Six van Hillegom,912,batfra_912
165,165,Jantzon van Nieuwland,2497,batfra_2497
166,166,Nahuys van Burgst,1967,batfra_1967
167,167,Trip van Zoudtlandt,931,batfra_931
168,168,Pierre Hofstede,138,batfra_138
169,169,Van Holthe van Echten,795,batfra_795
170,170,De Vos van Steenwijk tot Havixhorst,636,batfra_636
171,171,Van Haersma van Nederhorst den Berg,1106,batfra_1106
172,172,Huydecoper van Maarsseveen,2803,batfra_2803
173,173,Six van Oterleek,7,batfra_7
174,174,Taets van Amerongen van Woudenberg,2935,batfra_2935
175,175,Van Heiden Reinestein tot Laarwoud,785,batfra_785
176,176,Van Schuylenburch van Bommenede,904,batfra_904
177,177,Canneman van de Mijle,26,batfra_26
178,178,Groeninx van Zoelen van Ridderkerk,2480,batfra_2480
179,179,Collot d'Escury van Heinenoord,2476,batfra_2476
180,180,Warin van Schonauwen,3071,batfra_3071
181,181,Van der Brugghen van Croy,2467,batfra_2467
182,182,Cuypers van Spangen,438,batfra_438
183,183,Sandberg van 't Laar,3315,batfra_3315
184,184,Van Heeckeren van Brandsenburg en Boelestein,3523,batfra_3523
185,185,Caan van Maurick,2438,batfra_2438
186,186,Van Gobbelschroy van Spoelbeeck,237,batfra_237
187,187,Verstolk van Soelen,141,batfra_141
188,188,Van der Capellen van Berkenwoude,16,batfra_16
189,189,Repelaer van Driel,429,batfra_429
190,190,Von Müntz van Heuvelwijk,1256,batfra_1256
191,191,Van Limburg Stirum van de Wildenborch,179,batfra_179
192,192,Eppo Cremers,182,batfra_182
193,193,De Sandra Veldtman van Slochteren,2951,batfra_2951
194,194,Bijleveld van den Ham,2930,batfra_2930
195,195,De Perponcher Sedlnitsky van Wolphaartsdijk,3115,batfra_3115
196,196,Cramer van Ootmarsum,631,batfra_631
197,197,Blijdenstein van Enschede,706,batfra_706
198,198,Sloet van Tweenyenhuizen en Bredenhorst,2936,batfra_2936
199,199,De Jongh van Son van Raamsdonk,1008,batfra_1008
200,200,Van Kretschmar van Veen,3270,batfra_3270
201,201,Speelman van Heeswijk en Dinther,916,batfra_916
202,202,Lambrechtsen van Ritthem,1893,batfra_1893
203,203,Gevers van Endegeest en Kethel en Spaland,427,batfra_427
204,204,Van Hees van Berkel,2473,batfra_2473
205,205,Repelaer van Spijkenisse,884,batfra_884
206,206,Repelaer van Valkenswaard,884,batfra_884
207,207,Van Tets van Goudriaan,3094,batfra_3094
208,208,Van Tuyll van Serooskerken van Vleuten,301,batfra_301
209,209,Van der Borch van Vorden,294,batfra_294
210,210,Van Pallandt van Eerde,450,batfra_450
211,211,Van Kinsbergen van Doggersbank,232,batfra_232
212,212,Van Heeckeren van de Cloese,304,batfra_304
213,213,Van Haersolte van Staverden,314,batfra_314
214,214,Van Pallandt van Walfort en Klarenbeek,1574,batfra_1574
215,215,Aaldert Schouten,1628,batfra_1628
216,216,Wittert van Hoogland,3569,batfra_3569
217,217,Van Doorn van Westkapelle,3088,batfra_3088
218,218,Linsen de Jonge,2463,batfra_2463
219,219,Van Gennip,460,batfra_460
220,220,Van Nagell van Ampsen,3257,batfra_3257
221,221,Van Rhemen van Rhemenshuizen en de Geldersche Toren,886,batfra_886
222,0,Van der Capellen van Berkenwoude,3860,negentiende_eeuw_3860
223,1,Repelaer van Driel,3867,negentiende_eeuw_3867
224,2,Pélichy de Lichtervelde,3870,negentiende_eeuw_3870
225,3,Van Ewijck van Oostbroek en De Bilt,3877,negentiende_eeuw_3877
226,4,Von Müntz van Heuvelwijk,3904,negentiende_eeuw_3904
227,5,Provó Kluit van Rijnsaterwoude,3945,negentiende_eeuw_3945
228,6,Noiret de Bruyn van Melis- en Mariekerke,3965,negentiende_eeuw_3965
229,7,Melort van Middelharnis (1840),3968,negentiende_eeuw_3968
230,8,Evertsz,3969,negentiende_eeuw_3969
231,9,De Vos van Nederveen Cappel,3974,negentiende_eeuw_3974
232,10,Van Hugenpoth tot den Beerenclaauw,4107,negentiende_eeuw_4107
233,11,Rau van Gameren,4015,negentiende_eeuw_4015
234,12,De Lange van Wijngaarden,4047,negentiende_eeuw_4047
235,13,Van Panhuys van Haeren,4092,negentiende_eeuw_4092
236,14,Ver Loren van Themaat,4130,negentiende_eeuw_4130
237,15,Coenen van 's Gravesloot,4138,negentiende_eeuw_4138
238,16,Van Rijckevorsel van Rijsenburg,4141,negentiende_eeuw_4141
239,17,Van Oosthuyse van Rijckevorsel van Rijsenburg,4141,negentiende_eeuw_4141
240,18,Van Doorn van Koudekerke,4145,negentiende_eeuw_4145
241,19,Lambrechtsen van Ritthem,4148,negentiende_eeuw_4148
242,20,Schorer van St. Philipsland,4150,negentiende_eeuw_4150
243,21,Versluys van Krabbendijke en Nieuwlande,4151,negentiende_eeuw_4151
244,22,De Bruyn van Melis- en Mariekerke,4161,negentiende_eeuw_4161
245,23,De Jongh van Hedikhuizen,4137,negentiende_eeuw_4137
246,24,Van Middachten van Vrieswijk en Oldhagensdorp,3014,negentiende_eeuw_3014
247,25,De Vos van Steenwijk van den Oldenhof,3027,negentiende_eeuw_3027
248,26,Strick van Linschoten van Bunnik en Vechten,3306,negentiende_eeuw_3306
249,27,Van der Burgh van Kroonenburgh,3224,negentiende_eeuw_3224
250,28,Von Schwartz van Ansen,4168,negentiende_eeuw_4168
251,29,Van Hoey van Vlijmen,4171,negentiende_eeuw_4171
252,30,Van Teylingen van Hilvarenbeek,4179,negentiende_eeuw_4179
253,31,Van Heeckeren van Brandsenburg en Boelestein,3505,negentiende_eeuw_3505
254,32,De Marees van Swinderen van Allersma,3199,negentiende_eeuw_3199
255,33,Rietvelt van Herpt en Sprang,3141,negentiende_eeuw_3141
256,34,Van Wickevoort Crommelin van Berkenrode,2727,negentiende_eeuw_2727
257,35,Cuypers van Spangen,3466,negentiende_eeuw_3466
258,36,Van Haersma van Nederhorst den Berg,3244,negentiende_eeuw_3244
259,37,Van Berenbroeck,2849,negentiende_eeuw_2849
260,38,François van Harencarspel Decker van Beverwijk,3043,negentiende_eeuw_3043
261,39,Taets van Amerongen van Natewisch,2884,negentiende_eeuw_2884
262,40,De Jonge van Ellemeet,2885,negentiende_eeuw_2885
263,41,Van der Lek de Clercq van Stavenisse,2886,negentiende_eeuw_2886
264,42,Paspoort van Grijpskerke,2887,negentiende_eeuw_2887
265,43,Gevers van Endegeest,2890,negentiende_eeuw_2890
266,44,'t Hooft van Benthuizen,2893,negentiende_eeuw_2893
267,45,Huughe van Peutevin,2904,negentiende_eeuw_2904
268,46,Van Tets van Goudriaan,2908,negentiende_eeuw_2908
269,47,Van Borssele van Wadenoyen,2913,negentiende_eeuw_2913
270,48,Van Bylandt Halt,2917,negentiende_eeuw_2917
271,49,Van der Capellen van Rijsselt,2918,negentiende_eeuw_2918
272,50,Van Dedem van Vosbergen,2920,negentiende_eeuw_2920
273,51,Engelen van Angerstein,2925,negentiende_eeuw_2925
274,52,Van Heeckeren van de Wiersse,2931,negentiende_eeuw_2931
275,53,Van Heeckeren van Nettelhorst,2932,negentiende_eeuw_2932
276,54,Van Hövell tot Westerflier en Wezeveld,2933,negentiende_eeuw_2933
277,55,Van Loë van Overdijck,2937,negentiende_eeuw_2937
278,56,Van Lynden van Oldenaller en de Snor,2938,negentiende_eeuw_2938
279,57,Mackay van Ophemert en Zennewijnen,2939,negentiende_eeuw_2939
280,58,Van Nagell van Ampsen,2940,negentiende_eeuw_2940
281,59,Van Pabst van Bingerden,2944,negentiende_eeuw_2944
282,60,Van Pallandt van Keppel,2945,negentiende_eeuw_2945
283,61,Van Rappard van Balgoy,2948,negentiende_eeuw_2948
284,62,Van Rhemen van Rhemenshuizen,2950,negentiende_eeuw_2950
285,63,Singendonck van Dieden,2954,negentiende_eeuw_2954
286,64,Van Spaen van Schouwenburg,2955,negentiende_eeuw_2955
287,65,Staring van den Wildenborch,2957,negentiende_eeuw_2957
288,66,Van Westerholt van Hacfort,2965,negentiende_eeuw_2965
289,67,Van Zuylen van Nievelt van den Schaffelaar,2966,negentiende_eeuw_2966
290,68,Van der Haer van Campensnieuwland,2976,negentiende_eeuw_2976
291,69,Bentinck van Schoonheten,2997,negentiende_eeuw_2997
292,70,Bentinck van Schoonheten,2998,negentiende_eeuw_2998
293,71,Van Dedem van de Rollecate,3000,negentiende_eeuw_3000
294,72,Gansneb genaamd Tengnagel van de Luttenberg,3003,negentiende_eeuw_3003
295,73,Van Haersolte tot den Doorn,3005,negentiende_eeuw_3005
296,74,Van Isselmuden van Zwollingercamp,3009,negentiende_eeuw_3009
297,75,Van Ittersum van Relaer,3010,negentiende_eeuw_3010
298,76,Van Rechteren van de Hofstede,3019,negentiende_eeuw_3019
299,77,Van Rechteren Limpurg van Rechteren,3020,negentiende_eeuw_3020
300,78,Beelaerts van Emmichoven,3033,negentiende_eeuw_3033
301,79,Bisdom van Vliet,3036,negentiende_eeuw_3036
302,80,Van der Goes van Naters,3054,negentiende_eeuw_3054
303,81,De Heere van Holy,3057,negentiende_eeuw_3057
304,82,Niclas Kyronius,3064,negentiende_eeuw_3064
305,83,Van Lockhorst van Toll en Venhuizen,3074,negentiende_eeuw_3074
306,84,Van Poeliën van Nuland,3085,negentiende_eeuw_3085
307,85,Reepmaker van Strevelshoek,3089,negentiende_eeuw_3089
308,86,De Roo van Westmaas,3091,negentiende_eeuw_3091
309,87,Six van Hillegom,3095,negentiende_eeuw_3095
310,88,Van Boetzelaer van Kijfhoek,2692,negentiende_eeuw_2692
311,89,Calkoen van Kortenhoef,2693,negentiende_eeuw_2693
312,90,Van der Heyden van Baak,2694,negentiende_eeuw_2694
313,91,Van Aerschot van Schoonhoven,2702,negentiende_eeuw_2702
314,92,Van Aylva van Waardenburg en Neerijnen,2704,negentiende_eeuw_2704
315,93,Van Boetzelaer van Dubbeldam,2711,negentiende_eeuw_2711
316,94,Van Brienen van de Groote Lindt,2715,negentiende_eeuw_2715
317,95,Van Brienen van de Groote Lindt,2716,negentiende_eeuw_2716
318,96,De Goër de Forêt,2737,negentiende_eeuw_2737
319,97,Van der Goes van Dirxland,2738,negentiende_eeuw_2738
320,98,Van Heeckeren van Enghuizen,2745,negentiende_eeuw_2745
321,99,Van Heeckeren van Enghuizen en Beverweerd,2746,negentiende_eeuw_2746
322,100,Van Heerdt tot Eversberg,2747,negentiende_eeuw_2747
323,101,De Hemricourt de Ramioul,2750,negentiende_eeuw_2750
324,102,De Keverberg d'Aldengoor,2760,negentiende_eeuw_2760
325,103,Van Leyden van Westbarendrecht,2764,negentiende_eeuw_2764
326,104,Liedekerke de Beaufort prins de Gavre,2765,negentiende_eeuw_2765
327,105,De Liedel de Well,2766,negentiende_eeuw_2766
328,106,Van Limburg Stirum Noordwijk,2769,negentiende_eeuw_2769
329,107,Van Lynden van Hemmen,2773,negentiende_eeuw_2773
330,108,Van Lynden van Lunenburg,2774,negentiende_eeuw_2774
331,109,Van Nes van Meerkerk,2783,negentiende_eeuw_2783
332,110,De Néverlée de la Fortelle,2784,negentiende_eeuw_2784
333,111,Van Pallandt van Eerde,2790,negentiende_eeuw_2790
334,112,Van Pallandt van Beerse,2791,negentiende_eeuw_2791
335,113,De Pesters van Cattenbroek,2792,negentiende_eeuw_2792
336,114,Schimmelpenninck van Nijenhuis,2803,negentiende_eeuw_2803
337,115,Schimmelpenninck van der Oye van den Poll,2804,negentiende_eeuw_2804
338,116,Sloet van Warmelo,2806,negentiende_eeuw_2806
339,117,Van Spaen van Biljoen,2807,negentiende_eeuw_2807
340,118,Van Spaen la Lecq van Hardenstein,2808,negentiende_eeuw_2808
341,119,Steengracht van Oosterland,2810,negentiende_eeuw_2810
342,120,De Stockhem de Heers,2811,negentiende_eeuw_2811
343,121,Van Swinderen van Rensuma,2813,negentiende_eeuw_2813
344,122,Van Tuyll van Serooskerken van Zuylen,2820,negentiende_eeuw_2820
345,123,Vaernewijck d'Angest,2821,negentiende_eeuw_2821
346,124,"Fontein Verschuir van Heiloo, Oesdom en ter Coulster",2823,negentiende_eeuw_2823
347,125,De Vinck de Wesel,2824,negentiende_eeuw_2824
348,126,De Vos van Steenwijk van den Hogenhof,2825,negentiende_eeuw_2825
349,127,Van Wassenaer van Starrenburg,2828,negentiende_eeuw_2828
350,128,Van Weede van Dijkveld,2829,negentiende_eeuw_2829
351,129,Van Pallandt van Waardenburg en Neerijnen,2836,negentiende_eeuw_2836
352,130,Van Rhemen van Rhemenshuizen,2840,negentiende_eeuw_2840
353,131,Van Goltstein van Oldenaller,2842,negentiende_eeuw_2842
354,132,Sichterman van de Brake,2847,negentiende_eeuw_2847
355,133,Boreel van Hogelanden,2874,negentiende_eeuw_2874
356,134,Van Heeckeren van Wassenaer,2876,negentiende_eeuw_2876
357,135,Soetens van Royen,2877,negentiende_eeuw_2877
358,136,De Vos van Steenwijk van Voorstonden,2878,negentiende_eeuw_2878
359,137,Martens van Sevenhoven,2880,negentiende_eeuw_2880
360,138,Huydecoper van Maarsseveen,2883,negentiende_eeuw_2883
361,139,Van der Staal van Piershil,3097,negentiende_eeuw_3097
362,140,Van der Werff van Zuidland,3106,negentiende_eeuw_3106
363,141,Wittert van Bloemendaal,3108,negentiende_eeuw_3108
364,142,Van Zuylen van Nijevelt van de Ehze,3109,negentiende_eeuw_3109
365,143,Van Hogendorp van Hofwegen,3128,negentiende_eeuw_3128
366,144,Jantzon van Nieuwland,3133,negentiende_eeuw_3133
367,145,De Jonge van Helvoirt,3135,negentiende_eeuw_3135
368,146,Nahuys van Burgst,3138,negentiende_eeuw_3138
369,147,De Grancy van Haanwijck,3145,negentiende_eeuw_3145
370,148,De Smeth van Deurne,3146,negentiende_eeuw_3146
371,149,Trip van Zoudtlandt,3150,negentiende_eeuw_3150
372,150,De Voocht van het Hof te Tongelre,3154,negentiende_eeuw_3154
373,151,Van Weichs van Winnen van Geysteren,3156,negentiende_eeuw_3156
374,152,De Jonge van Campensnieuwland,3166,negentiende_eeuw_3166
375,153,De Jonge van Ellemeet,3167,negentiende_eeuw_3167
376,154,Mogge Muilman van Haamstede,3169,negentiende_eeuw_3169
377,155,D'Aulnis de Bourouill van Bijma,3176,negentiende_eeuw_3176
378,156,Polman Gruys van Garreweer,3180,negentiende_eeuw_3180
379,157,Van Holthe van Echten,3182,negentiende_eeuw_3182
380,158,Van In- en Kniphuizen van de Nienoord,3185,negentiende_eeuw_3185
381,159,Wijchgel van Lellens,3206,negentiende_eeuw_3206
382,160,Berg van Dussen-Muilkerk,3212,negentiende_eeuw_3212
383,161,Hoeufft van Velsen,3254,negentiende_eeuw_3254
384,162,Hovy van Spanderswoud,3259,negentiende_eeuw_3259
385,163,Huydecoper van Maarsseveen,3260,negentiende_eeuw_3260
386,164,Van Nellesteyn van Broekhuizen,3280,negentiende_eeuw_3280
387,165,Nutges van Bennebroek,3283,negentiende_eeuw_3283
388,166,Van Reede van Middachten,3292,negentiende_eeuw_3292
389,167,Rendorp van Marquette,3293,negentiende_eeuw_3293
390,168,Van Renesse van Wilp,3294,negentiende_eeuw_3294
391,169,Six van Oterleek,3298,negentiende_eeuw_3298
392,170,Taets van Amerongen van Woudenberg,3310,negentiende_eeuw_3310
393,171,Van Bredehoff de Vicq van Oosthuizen,3313,negentiende_eeuw_3313
394,172,Van Heiden Reinestein tot Laarwoud,3322,negentiende_eeuw_3322
395,173,Van Heeckeren van Kell,3350,negentiende_eeuw_3350
396,174,Van Lynden van Hoevelaken,3351,negentiende_eeuw_3351
397,175,Van Nagell tot Ampsen,3356,negentiende_eeuw_3356
398,176,Hora Siccama van Slochteren,3367,negentiende_eeuw_3367
399,177,Van Schuylenburch van Bommenede,3389,negentiende_eeuw_3389
400,178,Van Wassenaer van Sint Pancras,3392,negentiende_eeuw_3392
401,179,Canneman van de Mijle,3398,negentiende_eeuw_3398
402,180,Groeninx van Zoelen van Ridderkerk,3401,negentiende_eeuw_3401
403,181,Collot d'Escury van Heinenoord,3403,negentiende_eeuw_3403
404,182,Van Rhemen van Rhemenshuizen,3407,negentiende_eeuw_3407
405,183,Caen,3746,negentiende_eeuw_3746
406,184,Warin van Schonauwen,3408,negentiende_eeuw_3408
407,185,Donker Curtius van Tienhoven,3415,negentiende_eeuw_3415
408,186,Repelaer van Molenaarsgraaf,3422,negentiende_eeuw_3422
409,187,Röell van Hazerswoude,3429,negentiende_eeuw_3429
410,188,Van Hoorn van Burgh en Westland,3430,negentiende_eeuw_3430
411,189,Mackay van Ophemert,3449,negentiende_eeuw_3449
412,190,De Leonaerdts d'Achel,3454,negentiende_eeuw_3454
413,191,Van der Brugghen van Croy,3465,negentiende_eeuw_3465
414,192,Half-Wassenaer van Onsenoord,3467,negentiende_eeuw_3467
415,193,Van Tuyll van Serooskerken van Heeze,3470,negentiende_eeuw_3470
416,194,Sandberg van Essenburg,3484,negentiende_eeuw_3484
417,195,Van Suchtelen van de Haare,3485,negentiende_eeuw_3485
418,196,Bentinck van Nijenhuis,3486,negentiende_eeuw_3486
419,197,Sandberg van 't Laar,3491,negentiende_eeuw_3491
420,198,Van Rechteren van Appeltern,3495,negentiende_eeuw_3495
421,199,Voet van Winssen van Sevenhoven,3500,negentiende_eeuw_3500
422,200,Van Utenhove van Heemstede,3501,negentiende_eeuw_3501
423,201,Van Tuyll van Serooskerken van Coelhorst,3502,negentiende_eeuw_3502
424,202,Bijleveld van Serooskerke,3512,negentiende_eeuw_3512
425,203,Egter van Wissekerke,3513,negentiende_eeuw_3513
426,204,Slicher van Domburg,3514,negentiende_eeuw_3514
427,205,Van Reenen van Loenen,3526,negentiende_eeuw_3526
428,206,Van Walchren van Wadenoyen,3531,negentiende_eeuw_3531
429,207,Mensonides van Hensbroek,3577,negentiende_eeuw_3577
430,208,Schimmelpenninck van Nijenhuis,3584,negentiende_eeuw_3584
431,209,Van Zuylen van Nijevelt van de Ehze,3601,negentiende_eeuw_3601
432,210,Schuurbeque Boeye van de Haamstede,3622,negentiende_eeuw_3622
433,211,De Geer van Jutphaas,3630,negentiende_eeuw_3630
434,212,Van Tuyll van Serooskerken van Heeze en Leende,3636,negentiende_eeuw_3636
435,213,Van Doorn van Westkapelle,3684,negentiende_eeuw_3684
436,214,Gaiffier van de Velde d'Emeville,3688,negentiende_eeuw_3688
437,215,Van Hambroick van Weleveld,3692,negentiende_eeuw_3692
438,216,Van der Heim van Duivendijke,3694,negentiende_eeuw_3694
439,217,koning Willem III,3705,negentiende_eeuw_3705
440,218,koning Willem I,3706,negentiende_eeuw_3706
441,219,koning Willem II,3707,negentiende_eeuw_3707
442,220,prins Frederik,3708,negentiende_eeuw_3708
443,221,prins Willem,3709,negentiende_eeuw_3709
444,222,Van Pabst van Bingerden,3711,negentiende_eeuw_3711
445,223,Van Rechteren van Ahnem,3715,negentiende_eeuw_3715
446,224,Gericke van Herwijnen,3724,negentiende_eeuw_3724
447,225,Pronck Appelius,3729,negentiende_eeuw_3729
448,226,Brantsen van de Zijp,3742,negentiende_eeuw_3742
449,227,De Crombrugghe van Looringhe,3751,negentiende_eeuw_3751
450,228,De Gijzelaar,3760,negentiende_eeuw_3760
451,229,Van Goltstein van Oldenaller,3764,negentiende_eeuw_3764
452,230,Van der Gracht d'Eeghen,3766,negentiende_eeuw_3766
453,231,Hemricourt de Ramioulle,3769,negentiende_eeuw_3769
454,232,De Jongh van Son tot Raamsdonk,3777,negentiende_eeuw_3777
455,233,Schimmelpenninck van der Oye tot den Poll,3805,negentiende_eeuw_3805
456,234,Six van Oterleek,3808,negentiende_eeuw_3808
457,235,Van Wassenaer Spanbroeck,3820,negentiende_eeuw_3820
458,236,Van Heeckeren van Beverweerd,2745,negentiende_eeuw_2745
459,237,Van Dedem van de Berg,3000,negentiende_eeuw_3000
460,238,Del Court van Krimpen,3041,negentiende_eeuw_3041
461,239,Van Heeckeren van Wassenaer-Twickel,2876,negentiende_eeuw_2876
462,240,Wittert van Hoogland,3108,negentiende_eeuw_3108
463,241,De Jonge van Zwijnsbergen,3135,negentiende_eeuw_3135
464,242,Van Reede van Ginkel,3292,negentiende_eeuw_3292
465,243,Gevers van Kethel en Spaland,3823,negentiende_eeuw_3823
466,244,De Coninck d'Outryve,3828,negentiende_eeuw_3828
467,245,Bentinck van Nijenhuis,3835,negentiende_eeuw_3835
468,246,Verstolk van Soelen,3832,negentiende_eeuw_3832
469,247,Van Tets van Goudriaan,3838,negentiende_eeuw_3838
470,248,Bentinck van Buckhorst,3841,negentiende_eeuw_3841
471,249,Van der Wyck tot de Klencke,4208,negentiende_eeuw_4208
472,250,Van der Wyck tot de Klencke,4289,negentiende_eeuw_4289
473,251,De Vos van Steenwijk van den Havixhorst,4295,negentiende_eeuw_4295
474,252,Van Asbeck van Luilema,4297,negentiende_eeuw_4297
475,253,Tjarda van Starkenborgh van Wehe,4303,negentiende_eeuw_4303
476,254,Tjarda van Starkenborgh Stachouwer van Wehe,4313,negentiende_eeuw_4313
477,255,Hora Siccama van Slochteren,4316,negentiende_eeuw_4316
478,256,De Savornin Lohman van Zonnemaire,4320,negentiende_eeuw_4320
479,257,De Marees van Swinderen van Allersma,4436,negentiende_eeuw_4436
480,258,Beelaerts van Blokland van Oosterwijk,4587,negentiende_eeuw_4587
481,259,Hinlopen van Sterkenburg,4588,negentiende_eeuw_4588
482,260,Van Nellesteyn van Broekhuizen en Darthuizen,4589,negentiende_eeuw_4589
483,261,Van Collen van Gunterstein,4600,negentiende_eeuw_4600
484,262,Van Reede van ter Aa,4601,negentiende_eeuw_4601
485,263,Duuring van Oudaen en Breukelen-St. Pieter,4602,negentiende_eeuw_4602
486,264,Strick van Linschoten van Rijnauwen,4603,negentiende_eeuw_4603
487,265,Beeldsnijder van Voshol en Vrije Nes,4607,negentiende_eeuw_4607
488,266,Van Beusechem van Harmelen,4609,negentiende_eeuw_4609
489,267,Van der Brugghen van Lauwerecht,4610,negentiende_eeuw_4610
490,268,Van Zijll van den Ham,4613,negentiende_eeuw_4613
491,269,Van Nooten van Honkoop,4617,negentiende_eeuw_4617
492,270,Strick van Linschoten van Vlooswijk,4618,negentiende_eeuw_4618
493,271,Van Hardenbroek van Lockhorst,4620,negentiende_eeuw_4620
494,272,De Perponcher Sedlnitsky van Wolphaartsdijk,4625,negentiende_eeuw_4625
495,273,Utenhove van Bottestein en Amelisweerd,4626,negentiende_eeuw_4626
496,274,Van Reede van Athlone,4627,negentiende_eeuw_4627
497,275,Taets van Amerongen van Deyl,4628,negentiende_eeuw_4628
498,276,Taets van Amerongen van Renswoude en Emmikhuizen,4629,negentiende_eeuw_4629
499,277,Van Tuyll van Serooskerken van Maarssen,4630,negentiende_eeuw_4630
500,278,Von Derfelden van Hindersteyn,4632,negentiende_eeuw_4632
501,279,Taets van Amerongen van Woudenberg,4634,negentiende_eeuw_4634
502,280,Beelaerts van Blokland van Remmerstein,4635,negentiende_eeuw_4635
503,281,De Pesters van Cattenbroek,4637,negentiende_eeuw_4637
504,282,Van Boetzelaer van Dubbeldam,4639,negentiende_eeuw_4639
505,283,Van Zuylen van Nijevelt van Hinderstein,4640,negentiende_eeuw_4640
506,284,Van Tuyll van Serooskerken van Zuylen,4641,negentiende_eeuw_4641
507,285,Story van Blokland,4653,negentiende_eeuw_4653
508,286,Nepveu van Herlaer,4663,negentiende_eeuw_4663
509,287,Ram van Bottestein,4666,negentiende_eeuw_4666
510,288,Van der Muelen van Maarssenbroek,4667,negentiende_eeuw_4667
511,289,Van Hardenbroek van Hardenbroek,4675,negentiende_eeuw_4675
512,290,Van Hardenbroek van Lockhorst,4692,negentiende_eeuw_4692
513,291,De Geer van Oudegein,4700,negentiende_eeuw_4700
514,292,De Heus van Nyenrode,4712,negentiende_eeuw_4712
515,293,Bosch van Oud-Amelisweerd,4720,negentiende_eeuw_4720
516,294,De Muralt van Vlijmen,4721,negentiende_eeuw_4721
517,295,Strick van Linschoten van Nieuw-Helvoet,4603,negentiende_eeuw_4603
518,296,Cramer van Ootmarsum,4933,negentiende_eeuw_4933
519,297,Von Bönninghausen van Herinkhave,4936,negentiende_eeuw_4936
520,298,Blijdenstein van Enschede,4937,negentiende_eeuw_4937
521,299,Von Bönninghausen van de Eeshof,4941,negentiende_eeuw_4941
522,300,Sloet van Warmelo,4955,negentiende_eeuw_4955
523,301,Roessingh Udink van Singraven,4956,negentiende_eeuw_4956
524,302,Van Foreest van Heemse,4961,negentiende_eeuw_4961
525,303,Sandberg van 't Laar,4966,negentiende_eeuw_4966
526,304,Van der Wyck van Archem,4967,negentiende_eeuw_4967
527,305,Teding van Berkhout tot Hoenlo,4973,negentiende_eeuw_4973
528,306,Van Ittersum tot den Oosterhof,5000,negentiende_eeuw_5000
529,307,Van Pallandt van Eerde,5001,negentiende_eeuw_5001
530,308,Van Raesfelt van Elsen,5002,negentiende_eeuw_5002
531,309,Sloet van Tweenyenhuizen en Bredenhorst,5004,negentiende_eeuw_5004
532,310,Sloet van Westerholt,5006,negentiende_eeuw_5006
533,311,Van Haersolte tot den Doorn,5007,negentiende_eeuw_5007
534,312,Coninck Bentinck,5009,negentiende_eeuw_5009
535,313,Van Coeverden van Kampferbeek,5010,negentiende_eeuw_5010
536,314,Van Voërst tot Hagevoorde en Bergentheim,5014,negentiende_eeuw_5014
537,315,De Vos van Steenwijk van den Oldenhof,5015,negentiende_eeuw_5015
538,316,Mulert tot de Leemcule,5017,negentiende_eeuw_5017
539,317,Van Fridagh tot Rutenberg,5019,negentiende_eeuw_5019
540,318,Van Rechteren Limpurg van den Schulenborg,5021,negentiende_eeuw_5021
541,319,Bentinck tot Nijenhuis,5022,negentiende_eeuw_5022
542,320,Van Pallandt tot Eerde,5023,negentiende_eeuw_5023
543,321,De Vos van Steenwijk van Windesheim,5024,negentiende_eeuw_5024
544,322,Sandberg van Essenburg,5025,negentiende_eeuw_5025
545,323,Van Ittersum tot den Oosterhof,5026,negentiende_eeuw_5026
546,324,"Van Knobelsdorff tot de Gelder, Krijtenberg en Scherpenzeel",5027,negentiende_eeuw_5027
547,325,Van Dedem tot de Rollecate,5029,negentiende_eeuw_5029
548,326,De Vos van Steenwijk van Abbenbroek,5035,negentiende_eeuw_5035
549,327,Sandberg van 't Laar,5078,negentiende_eeuw_5078
550,328,Van Naamen van Eemnes,5083,negentiende_eeuw_5083
551,329,Von Bönninghausen van Herinkhave,5090,negentiende_eeuw_5090
552,330,Bentinck van Schoonheten,5128,negentiende_eeuw_5128
553,331,Van Coeverden van Wegdam,5138,negentiende_eeuw_5138
554,332,Van Ittersum van Plattenburg,5000,negentiende_eeuw_5000
555,333,Bentinck van Buckhorst,5009,negentiende_eeuw_5009
556,334,Van Lanschot van Berlicum,5140,negentiende_eeuw_5140
557,335,Smits van Oyen,5150,negentiende_eeuw_5150
558,336,De Roy van Zuydewijn-Capelle,5161,negentiende_eeuw_5161
559,337,Verschoor van Sleeuwijk,5165,negentiende_eeuw_5165
560,338,Van Panhuys van Haeren,5181,negentiende_eeuw_5181
561,339,De Jongh van Son van Raamsdonk,5186,negentiende_eeuw_5186
562,340,Van Hugenpoth tot den Beerenclaauw,5187,negentiende_eeuw_5187
563,341,Billehé de Valensart van Leuth,5188,negentiende_eeuw_5188
564,342,De Geloes van Elsloo,5189,negentiende_eeuw_5189
565,343,Van Kretschmar van Veen,5190,negentiende_eeuw_5190
566,344,Van Reede van Ginkel,5192,negentiende_eeuw_5192
567,345,Speelman van Wulverhorst,5193,negentiende_eeuw_5193
568,346,Martini van Geffen,5196,negentiende_eeuw_5196
569,347,Wesselman van Helmond,5223,negentiende_eeuw_5223
570,348,Speelman van Heeswijk en Dinther,5249,negentiende_eeuw_5249
571,349,Verheijen van Estvelt,5265,negentiende_eeuw_5265
572,350,Van Dam van Hekendorp en Polanen,5285,negentiende_eeuw_5285
573,351,Van Reede van Doeveren,5192,negentiende_eeuw_5192
574,352,Thibaut van Aagtekerke,6089,negentiende_eeuw_6089
575,353,Van der Mandere van Ouwerkerk,6114,negentiende_eeuw_6114
576,354,Paspoort van Grijpskerke,6119,negentiende_eeuw_6119
577,355,Lambrechtsen van Ritthem,6145,negentiende_eeuw_6145
578,356,Moens van Blois,6151,negentiende_eeuw_6151
579,357,Sprenger van Duinbeek,6166,negentiende_eeuw_6166
580,358,Verschoor van Nisse,6173,negentiende_eeuw_6173
581,359,Lenshoek van Zwake,6178,negentiende_eeuw_6178
582,360,Steengracht van Moyland,6199,negentiende_eeuw_6199
583,361,De Clercq van Stavenisse,6222,negentiende_eeuw_6222
584,362,Mulock Houwer van Noordgouwe,6223,negentiende_eeuw_6223
585,363,Van Barnevelt van Noordeloos,6283,negentiende_eeuw_6283
586,364,Barnaart van Bergen,6289,negentiende_eeuw_6289
587,365,Griffioen van Waarder,6293,negentiende_eeuw_6293
588,366,Van Bredehoff de Vicq van Oosthuizen,6300,negentiende_eeuw_6300
589,367,Jantzon van Erffrenten van Capelle en Hoogeveen,6301,negentiende_eeuw_6301
590,368,Kwak van Zwartewaal,6306,negentiende_eeuw_6306
591,369,Van Tuyll van Serooskerken van Vleuten,6309,negentiende_eeuw_6309
592,370,Weldijk van Limmen,6310,negentiende_eeuw_6310
593,371,Vlielander van Rockanje,6311,negentiende_eeuw_6311
594,372,Van Boetzelaer van Kijfhoek,6314,negentiende_eeuw_6314
595,373,Diemont van Langerak,6316,negentiende_eeuw_6316
596,374,Gevers van Endegeest en Kethel en Spaland,6321,negentiende_eeuw_6321
597,375,Van Hees van Berkel,6324,negentiende_eeuw_6324
598,376,De Raadt van Hendrik-Ido-Ambacht,6326,negentiende_eeuw_6326
599,377,De Dieu Fontein Verschuir van Heiloo,6328,negentiende_eeuw_6328
600,378,Sandenberg Matthiessen van Petten en Nolmerban,6329,negentiende_eeuw_6329
601,379,Van Weel van Sommelsdijk,6331,negentiende_eeuw_6331
602,380,Repelaer van Spijkenisse,6333,negentiende_eeuw_6333
603,381,Vlielander van Nieuwenhoorn,6334,negentiende_eeuw_6334
604,382,Van Leyden Gael van Vlaardingen,6335,negentiende_eeuw_6335
605,383,Boreel van Hogelanden,6342,negentiende_eeuw_6342
606,384,Van Pallandt van Eerde,6345,negentiende_eeuw_6345
607,385,Van de Wall van Puttershoek,6356,negentiende_eeuw_6356
608,386,Van Boetzelaer van Dubbeldam,6357,negentiende_eeuw_6357
609,387,Huydecoper van Zeist,6358,negentiende_eeuw_6358
610,388,Steengracht van Duivenvoorde,6359,negentiende_eeuw_6359
611,389,Van Tets van Langerak,6381,negentiende_eeuw_6381
612,390,Van Kuffeler van Hoogeveen,6389,negentiende_eeuw_6389
613,391,Van Tets van Goudriaan,6391,negentiende_eeuw_6391
614,392,De Lange van Wijngaarden,6392,negentiende_eeuw_6392
615,393,Reepmaker van Strevelshoek,6409,negentiende_eeuw_6409
616,394,Van Dam van Noordeloos,6411,negentiende_eeuw_6411
617,395,Bachman van Schipluiden en Hodenpijl,6424,negentiende_eeuw_6424
618,396,Ham van Sluipwijk,6427,negentiende_eeuw_6427
619,397,Snouck van Loosen,3390,negentiende_eeuw_3390
620,398,Gevaerts van Geervliet,3050,negentiende_eeuw_3050
621,399,Peelen van Honswijk,3285,negentiende_eeuw_3285
622,400,Van Zuylen van Nijevelt van Nieuw-Beijerland,3109,negentiende_eeuw_3109
623,401,Maas van Zuid-Scharwoude,6453,negentiende_eeuw_6453
624,402,Van Naamen van Scherpenzeel,6457,negentiende_eeuw_6457
625,403,Hooft van Vreeland,6460,negentiende_eeuw_6460
626,404,Hooft van Woudenberg en Geerestein,6469,negentiende_eeuw_6469
627,405,Stokbroo van Hoog- en Aartswoud,6479,negentiende_eeuw_6479
628,406,Hoeufft van Velsen,6501,negentiende_eeuw_6501
629,407,Berg van Dussen-Muilkerk,6521,negentiende_eeuw_6521
630,408,Lette van Oostvoorne,6561,negentiende_eeuw_6561
631,409,Cremer van den Berch van Heemstede,6571,negentiende_eeuw_6571
632,410,Van Rijckevorsel van Rijsenburg,6589,negentiende_eeuw_6589
633,411,Rengers van Warmenhuyzen,6592,negentiende_eeuw_6592
634,412,Rijkee van Alblasserdam,6594,negentiende_eeuw_6594
635,413,Hein van Rockanje,6622,negentiende_eeuw_6622
636,414,Bisdom van Vliet,6639,negentiende_eeuw_6639
637,415,Lette van Oostvoorne,6675,negentiende_eeuw_6675
638,416,Van der Goes van Naters,6677,negentiende_eeuw_6677
639,417,Jantzon van Erffrenten van Babylonienbroek,6679,negentiende_eeuw_6679
640,418,Van Asbeck zu Bergen und Munsterhausen,6709,negentiende_eeuw_6709
641,419,Van Asbeck tot Berge en Munsterhausen,2703,negentiende_eeuw_2703
642,420,Bijleveld van den Ham,4598,negentiende_eeuw_4598
643,421,Caan van Maurick,3746,negentiende_eeuw_3746
644,422,Van Lynden van Hoevelaken,6967,negentiende_eeuw_6967
645,423,Van den Bogaerde van Terbrugge,6974,negentiende_eeuw_6974
646,424,Van Tuyll van Serooskerken van Vleuten,6976,negentiende_eeuw_6976
647,425,van Lommessem Strijthagen,7108,negentiende_eeuw_7108
648,426,De Liedel de Well,7126,negentiende_eeuw_7126
649,427,Van Riemsdijk van Gemert,7130,negentiende_eeuw_7130
650,428,D'Ansembourg de Neuborg,7134,negentiende_eeuw_7134
651,429,Kerkhoffs,7115,negentiende_eeuw_7115
652,430,Kerkhoffs,7166,negentiende_eeuw_7166
653,431,Corten van Oensel,7469,negentiende_eeuw_7469
654,432,Wouters van Beringen,7478,negentiende_eeuw_7478
655,433,Schiervel d'Altembrouck,7481,negentiende_eeuw_7481
656,434,De Heusch de Bombrouck,7485,negentiende_eeuw_7485
657,435,Clermont de Vaelshoek,7514,negentiende_eeuw_7514
658,436,Arazola Déonata,7515,negentiende_eeuw_7515
659,437,Van Erp tot Baerlo en Holt,7521,negentiende_eeuw_7521
660,438,Bloemaerts,7571,negentiende_eeuw_7571
661,439,Kerens Cadet,3458,negentiende_eeuw_3458
662,440,De Rosen de Haren,7575,negentiende_eeuw_7575
663,441,De Stenbier de Wideux,7576,negentiende_eeuw_7576
664,442,Van Balveren van Leur,7582,negentiende_eeuw_7582
665,443,Van der Borch van Vorden,7583,negentiende_eeuw_7583
666,444,Van Brakell tot den Brakell en Vredestein,3358,negentiende_eeuw_3358
667,445,Van Bylandt van Mariënweerd,7584,negentiende_eeuw_7584
668,446,Van Eck van Vieracker en Ommershof,2923,negentiende_eeuw_2923
669,447,Van Heeckeren van Overlaer,7586,negentiende_eeuw_7586
670,448,D'Isendoorn à Blois van Cannenburg,7587,negentiende_eeuw_7587
671,449,Van Nagell van Wisch,7589,negentiende_eeuw_7589
672,450,Van Neukirchen genaamd Nyvenheim tot Eck en Wiel,7590,negentiende_eeuw_7590
673,451,Van Rouwenoort van Ulenpas,7591,negentiende_eeuw_7591
674,452,Schimmelpenninck van der Oye van de Poll,7592,negentiende_eeuw_7592
675,453,Van Spaen van Hulshorst,2955,negentiende_eeuw_2955
676,454,Van Heeckeren van Overlaer,7593,negentiende_eeuw_7593
677,455,Van Heeckeren van Oldoolde,7593,negentiende_eeuw_7593
678,456,Van Pallandt van Eerde,7596,negentiende_eeuw_7596
679,457,Van Heeckeren van Molecaten,7599,negentiende_eeuw_7599
680,458,Van Heeckeren van Marhulsen,7601,negentiende_eeuw_7601
681,459,Van Heeckeren van de Cloese,7602,negentiende_eeuw_7602
682,460,Van Eck van Overbeek,7604,negentiende_eeuw_7604
683,461,Van Lynden van Hemmen,7605,negentiende_eeuw_7605
684,462,Van Haersolte van Staverden,7606,negentiende_eeuw_7606
685,463,Van Heeckeren van de Beurze,2746,negentiende_eeuw_2746
686,464,Van Zuylen van Nievelt van den Brielert,7607,negentiende_eeuw_7607
687,465,Reint Willem van Middachten,3014,negentiende_eeuw_3014
688,466,Elders J.H.,3114,negentiende_eeuw_3114
689,467,Van Pallandt van Barlham,7608,negentiende_eeuw_7608
690,468,Van Pallandt van Keppel,7608,negentiende_eeuw_7608
691,469,Van Pallandt van Waardenburg en Neerijnen,7608,negentiende_eeuw_7608
692,470,Van Bylandt van Mariënwaerd,7611,negentiende_eeuw_7611
693,471,Van Wassenaer van Katwijk,7613,negentiende_eeuw_7613
694,472,Van Ranzow van Meinerswijk,7614,negentiende_eeuw_7614
695,473,Torck van Rosendael,7617,negentiende_eeuw_7617
696,474,Van der Heyden van Doornenburg en Suideras,7618,negentiende_eeuw_7618
697,475,Van Pallandt van Oud-Beyerland,7620,negentiende_eeuw_7620
698,476,Van Balveren van Echteld en Leur,7621,negentiende_eeuw_7621
699,477,Van Nagell van Wisch,7622,negentiende_eeuw_7622
700,478,Van Zuylen van Nievelt van de Schaffelaar,7624,negentiende_eeuw_7624
701,479,Van Voorst tot Voorst en Ploen,7625,negentiende_eeuw_7625
702,480,Van Brakell van Wadenoyen en Doorwerth,7626,negentiende_eeuw_7626
703,481,Van Heeckeren van de Wiersse,7627,negentiende_eeuw_7627
704,482,Sloet van Zwanenburg,7631,negentiende_eeuw_7631
705,483,Van Kretschmar van Veen,7632,negentiende_eeuw_7632
706,484,Van Randwijck van Rossum,7634,negentiende_eeuw_7634
707,485,De Vos van Steenwijk genaamd van Essen van Abbenbroek,7638,negentiende_eeuw_7638
708,486,Van Wijnbergen van Bussloo,7639,negentiende_eeuw_7639
709,487,Van Schuylenburch van den Ulenpas,7640,negentiende_eeuw_7640
710,488,Mollerus van Westkerke en Wulpendaal,7642,negentiende_eeuw_7642
711,489,Brantsen van de Zijp,7651,negentiende_eeuw_7651
712,490,Van Pallandt van Westervoort,7655,negentiende_eeuw_7655
713,491,Van Coeverden van Putten en den Schuylenburg,7668,negentiende_eeuw_7668
714,492,Van Hasselt van Empe,7710,negentiende_eeuw_7710
715,493,Sloet van de Beele,7712,negentiende_eeuw_7712
716,494,Boesses van Leeuwen en Puiflijk,7716,negentiende_eeuw_7716
717,495,Engelen van 't Celle,7718,negentiende_eeuw_7718
718,496,Vermeulen van 't Munnikeland,7721,negentiende_eeuw_7721
719,497,Van Brakell van Geldermalsen,7722,negentiende_eeuw_7722
720,498,Bouwens van Horssen,7724,negentiende_eeuw_7724
721,499,Sloet van Diepenbroeck en Sinderen,7725,negentiende_eeuw_7725
722,500,Van Heeckeren van Molecaten,7727,negentiende_eeuw_7727
723,501,Van Meurs van Hulshorst,2837,negentiende_eeuw_2837
724,502,Van Rhemen van Rhemenshuizen en de Geldersche Toren,2950,negentiende_eeuw_2950
725,503,Sloet tot Oldhuis van de Beele,7738,negentiende_eeuw_7738
726,504,Brantsen van Rhederoord,7744,negentiende_eeuw_7744
727,505,Van der Borch van den Ulenpas,7745,negentiende_eeuw_7745
728,506,Van der Borch tot Helbergen,7745,negentiende_eeuw_7745
729,507,Van der Borch van Vorden,7748,negentiende_eeuw_7748
730,508,Van Pallandt van Walfort en Klarenbeek,7753,negentiende_eeuw_7753
731,509,Van Heeckeren van Marhulsen,7758,negentiende_eeuw_7758
732,510,Van Nispen van Velde,7763,negentiende_eeuw_7763
733,511,De Nerée van Babberich,7766,negentiende_eeuw_7766
734,512,De Nerée van Babberich,7768,negentiende_eeuw_7768
735,513,Van Westerholt van Hackfort,7782,negentiende_eeuw_7782
736,514,Van den Steen van Wadestein,2958,negentiende_eeuw_2958
737,515,Van Barneveld van Meteren en Geldermalsen,7793,negentiende_eeuw_7793
738,516,Van Nagell van Ampsen,7814,negentiende_eeuw_7814
739,517,Van Scherpenzeel Heusch van Dreumel en Oosterhout,7781,negentiende_eeuw_7781
740,518,Viruly van Vuren en Dalem,7838,negentiende_eeuw_7838
741,519,Van Wassenaer van Catwijck,7842,negentiende_eeuw_7842
742,520,Six tot Oterleek,7905,negentiende_eeuw_7905
743,521,Evertz,3969,negentiende_eeuw_3969
744,522,Sweerts de Landas van Oirschot,2697,negentiende_eeuw_2697
745,523,Repelaer van Valkenswaard,6333,negentiende_eeuw_6333
746,524,De Sandra Veldtman van Slochteren,4352,negentiende_eeuw_4352
747,525,Hendrik Jansz. Mossel van Stralen,2812,negentiende_eeuw_2812
748,526,Van Pallandt tot Beerse,2790,negentiende_eeuw_2790
749,527,Van Gennip,2736,negentiende_eeuw_2736
750,528,Nagell,2940,negentiende_eeuw_2940
751,529,Van Pallandt van Barlham,2945,negentiende_eeuw_2945
752,530,Pierre Hofstede,3181,negentiende_eeuw_3181
753,531,Kijmmel,3188,negentiende_eeuw_3188
754,532,De Vos van Steenwijk tot Havoxhorst,3205,negentiende_eeuw_3205
755,533,Gaschard,3368,negentiende_eeuw_3368
756,534,Van Gobbelschroy van Spoelbeeck,3824,negentiende_eeuw_3824
757,535,Arend Jacob Drabbe,3936,negentiende_eeuw_3936
758,536,A.J.F. van Galen,4106,negentiende_eeuw_4106
759,537,Muentz,3904,negentiende_eeuw_3904
760,538,Sijpkens,3913,negentiende_eeuw_3913
761,539,Slingenburg,4213,negentiende_eeuw_4213
762,540,Van Limburg Stirum van de Wildenborch,4304,negentiende_eeuw_4304
763,541,Eppo Cremers,4323,negentiende_eeuw_4323
764,542,Verhousen,5155,negentiende_eeuw_5155
765,543,Linsen de Jonge,5221,negentiende_eeuw_5221
766,544,Van Kinsbergen van Doggersbank,7598,negentiende_eeuw_7598
767,545,Aaldert Schouten,7779,negentiende_eeuw_7779
768,546,Borssele van der Hooghe,6092,negentiende_eeuw_6092
769,547,Sloet tot Lindenhorst,3021,negentiende_eeuw_3021
770,548,Lamoraal Johan Joachim Rengers,2984,negentiende_eeuw_2984
771,549,Hans Hendrik Boreel van Haersma,3244,negentiende_eeuw_3244
772,0,,379,me_379
773,1,Lanchals,395,me_395
774,2,,399,me_399
775,3,,407,me_407
776,4,Louis de Vacq,432,me_432
777,5,Van Boucamp,442,me_442
778,6,Bousani,444,me_444
779,7,Jean de Cortewille,461,me_461
780,8,D'Estruemont,474,me_474
781,9,Jean Guillet,477,me_477
782,10,Jacques de Gradebault,478,me_478
783,11,Jean Jonnet,479,me_479
784,12,Gerrit van Gronsselt,481,me_481
785,13,Gerard van Gronsselt,482,me_482
786,14,Pierre de Longneu,496,me_496
787,15,Fernand de Lucerne,497,me_497
788,16,Tristam de Lucerne,498,me_498
789,17,Guillaume le Marquis,499,me_499
790,18,Pierre de Mettenci,500,me_500
791,19,Jean Louis de Moucheron,504,me_504
792,20,Gerard Muylaert,505,me_505
793,21,Filips le Noir,323,me_323
794,22,Josse Kevin,513,me_513
795,23,Richard Rengher,515,me_515
796,24,Adrian de Roubais,519,me_519
797,25,Jacques de Roeck,520,me_520
798,26,Jean Rousseau,521,me_521
799,27,Jan van der Staten,527,me_527
800,28,Joris Themsicke,320,me_320
801,29,Louis Veury,536,me_536
802,30,Tielman van Dulken,6,me_6
803,31,Gillis de Caboeter,553,me_553
804,32,Cornelis Jansz.,578,me_578
805,33,Willem van Zaanden,570,me_570
806,34,,631,me_631
807,35,,655,me_655
808,36,Jan Gelis,656,me_656
809,37,Johan Stalborch,658,me_658
810,38,Jeronimus Lettyn,659,me_659
811,39,,662,me_662
812,40,Johan Urd,665,me_665
813,41,Willem van Gendt,669,me_669
814,42,Johan van Niel,672,me_672
815,43,,676,me_676
816,44,Arend Boonenburch,683,me_683
817,45,Jelis Pieck,687,me_687
818,46,,678,me_678
819,47,,284,me_284
820,48,Dionys van Wesenhagen,668,me_668
821,49,Arend van Zevenbergen,616,me_616
822,50,Antoine Michiel,601,me_601
823,51,Manke Jan,614,me_614
824,52,Wessel Gansfort (onzeker),798,me_798
825,53,Simon d'Amont,330,me_330
826,54,Willem van Alkmaar,71,me_71
827,55,Casper Lievensz. van Hoochlande,370,me_370
828,56,Martinus de Narden,371,me_371
829,57,George Rataleur,374,me_374
830,58,De Sancto Petro,11,me_11
831,59,,384,me_384
832,60,Hendrik Lottemsz. van Zeelem,862,me_862
833,61,Jan Stoop,864,me_864
834,62,Loys Rataller,22,me_22
835,63,Jan Engelsz. van Lezanen,907,me_907
836,64,Willem (van der) Cryp,909,me_909
837,65,Evert van Ens,826,me_826
838,66,Wulven,408,me_408
839,67,Hendrikse,115,me_115
840,68,,389,me_389
841,69,Amelius van Zuylen van Nijevelt,963,me_963
842,70,Willem de Gouda,715,me_715
843,71,Cornelis Bouwin,5,me_5
844,72,Heyme van de Ketel,12,me_12
845,73,Gerard van Loo,150,me_150
846,74,Pierre de Breuil,969,me_969
847,75,Jean Baers,971,me_971
848,76,Jan van Bergen,973,me_973
849,77,Hadrianus Marius,401,me_401
850,78,Jacques Muysart,977,me_977
851,79,Corneille de Muenincx,985,me_985
852,80,Philippe le Febre,988,me_988
853,81,Hopperus,335,me_335
854,82,François de Berch,990,me_990
855,83,Druittius,992,me_992
856,84,Guiset,1001,me_1001
857,85,Pussius,1015,me_1015
858,86,Adriaan Sandelijn,126,me_126
859,87,François de Gand,1037,me_1037
860,88,Schagen,1040,me_1040
861,89,Sanche van Lalaing,1043,me_1043
862,90,,1072,me_1072
863,91,,751,me_751
864,92,Ludovicus,728,me_728
865,93,Johannes Nisse,1075,me_1075
866,94,Potage,1076,me_1076
867,95,Johan Proys,719,me_719
868,96,Henricus Raiscop,1077,me_1077
869,97,Gerardus Suckerraedt,1080,me_1080
870,98,,1097,me_1097
871,99,Thomas Boickelaer,1,me_1
872,100,Leoninus,1217,me_1217
873,101,Middelburg,1322,me_1322
874,102,Antoine de Branchion,1325,me_1325
875,103,,666,me_666
876,104,Reyer van der Does,17,me_17
877,105,Reinier van Etten,1066,me_1066
878,106,Jan Bruyninck,328,me_328
879,107,Bardesius,1219,me_1219
880,108,Nicasius de Silla,1246,me_1246
881,109,,420,me_420
882,110,,784,me_784
883,111,Blikkenburg,763,me_763
884,112,Eerst van Ysendoorn,398,me_398
885,113,Tyman ten Bosch,805,me_805
886,114,Evert van Wytman,717,me_717
887,115,Jacob van Witman,758,me_758
888,116,Hayo Riperdorn,660,me_660
889,117,Dirk van Leiden,236,me_236
890,118,Willem de Bijtse,1405,me_1405
891,119,Diderich von Westrom zu Langendonck,1223,me_1223
892,120,Bartold van Bassen genaamd Ernst,59,me_59
893,121,Rubais,519,me_519
894,122,,666,me_666
895,123,Willem Baerdesen,1219,me_1219
896,124,Louis de Back,432,me_432
897,125,Guillaume de Bisches,1405,me_1405
898,126,Guillaume Biche,1405,me_1405
899,127,Honsteyn,683,me_683
900,128,Casparus de Terra Alta,370,me_370
901,129,Simon du Mont,330,me_330
902,130,Simon de Mons,330,me_330
903,131,Longolius,1217,me_1217
904,132,Tielman van Dullekin,6,me_6
905,133,Tielman van Dullekem,6,me_6
906,134,Jan Jelis,656,me_656
907,135,Gerrit van Gronselle,481,me_481
908,136,Gerard van Gronselle,482,me_482
909,137,Grusset,1001,me_1001
910,138,,751,me_751
911,139,Colaert van Comene,718,me_718
912,140,Jean Louis de Mocheron,504,me_504
913,141,Gerard Milert,505,me_505
914,142,Neostadius,86,me_86
915,143,Adriaan Puessens,1015,me_1015
916,144,Adriaan Puessin,1015,me_1015
917,145,Richard Renigher,515,me_515
918,146,Platea,527,me_527
919,147,Gerardus Zuckerode,1080,me_1080
920,148,Johan Wordt,665,me_665
921,149,Louis Vary,536,me_536
922,150,Louis Pori,536,me_536
923,151,Viglius Zuichemus ab Aytta,243,me_243
924,152,Heiman Mierop van de Ketel,12,me_12
925,153,Walterus de Gouda,715,me_715
926,154,Johan van Darth,673,me_673
927,155,Leonard Stalberg,670,me_670
928,156,Johan van Twickel de oude,811,me_811
929,157,,746,me_746
930,158,,622,me_622
931,159,Vossius,965,me_965
932,160,Van Middelburg,472,me_472
933,161,Grudius,280,me_280
934,162,Wieger Aytta van Swichum,243,me_243
935,163,Andrieu de la Croix,565,me_565
936,164,Oostervant,542,me_542
937,165,Grandpré,629,me_629
938,166,Christophe Dassonville,350,me_350
939,167,Jacob Bossaert van Belle,552,me_552
940,168,Jan van der Bouverien,443,me_443
941,169,Roelof de Brouxelles,447,me_447
942,170,Medina-Celi,349,me_349
943,171,Frans Coebel van der Loo,956,me_956
944,172,Filips bastaard van Brabant,463,me_463
945,173,Antoon van Bergen,1342,me_1342
946,174,Dismas van Bergen,436,me_436
947,175,Hendrik van Bergen,437,me_437
948,176,Jan van Bergen,346,me_346
949,177,Jan van Bergen,348,me_348
950,178,Grandpré,549,me_549
951,179,,694,me_694
952,180,Roeulx,251,me_251
953,181,Chimay,455,me_455
954,182,Aarschot,248,me_248
955,183,Aarschot,255,me_255
956,184,Roeulx,356,me_356
957,185,Aarschot,252,me_252
958,186,Engelbert van den Dalle,464,me_464
959,187,Buren,362,me_362
960,188,Nicolas Nicolai,280,me_280
961,189,Louis du Chesne,618,me_618
962,190,Liedekerke,367,me_367
963,191,Boussu,344,me_344
964,192,Boussu,424,me_424
965,193,Bossu,344,me_344
966,194,Bossu,424,me_424
967,195,Casparus Levini Hogelandius,370,me_370
968,196,Marets,318,me_318
969,197,Hoogstraten,130,me_130
970,198,Hoogstraten,361,me_361
971,199,Arenberg,360,me_360
972,200,Bucqouy,1345,me_1345
973,201,Gavere,247,me_247
974,202,Jean de Masuny,970,me_970
975,203,Thomas Bokelaer,1,me_1
976,204,Regius,1467,me_1467
977,205,Lodewijk van Gruuthuse,446,me_446
978,206,Lodewijk van Gruythuyse,446,me_446
979,207,Winchester,446,me_446
980,208,Meindert Klaasz. van Haarlem,636,me_636
981,209,Floris Paedzen van Leiden,643,me_643
982,210,Epinoy,359,me_359
983,211,Mercurino Arborio,476,me_476
984,212,NIeuwenaar,425,me_425
985,213,Antoine Montjeu,1123,me_1123
986,214,Noircarmes,254,me_254
987,215,Horn,253,me_253
988,216,Hoorne,253,me_253
989,217,Hachicourt,266,me_266
990,218,Willem van Oranje,122,me_122
991,219,René van Nassau,110,me_110
992,220,Johan van Nassau-Katzenelnbogen,695,me_695
993,221,Grote Prior,1046,me_1046
994,222,Nicolaas Nicolai,472,me_472
995,223,Grudius,109,me_109
996,224,Nicolaas Everaerts,109,me_109
997,225,Floris Paedzensz.,643,me_643
998,226,Granvelle,347,me_347
999,227,Champagney,353,me_353
1000,228,Granvelle,1474,me_1474
1001,229,Bartelmeus Partout,1051,me_1051
1002,230,De Castello,1051,me_1051
1003,231,Neufville,257,me_257
1004,232,Jan van de Werve,582,me_582
1005,233,Jean le Sauvage,525,me_525
1006,234,Gossuin le Sauvage,539,me_539
1007,235,Bengaert Scay,551,me_551
1008,236,Scepperus,322,me_322
1009,237,Filips van der Spaengen,1130,me_1130
1010,238,Glajon,345,me_345
1011,239,Lodewijk van Bloys,626,me_626
1012,240,Bartholomeus van der Zeuge,1062,me_1062
1013,241,Rassenghien,256,me_256
1014,242,Praat,113,me_113
1015,243,Chrétien de Weert,73,me_73
1016,244,Banjaart Scey,551,me_551
1017,245,Boudewijn van Zweeten,600,me_600
1018,246,Dirk van Zweeten,575,me_575
1019,247,Dirk van Zweeten,646,me_646
1020,248,Boudijn van Swieten,600,me_600
1021,249,Dirk van Swieten,646,me_646
1022,250,Dirk van Swieten,575,me_575
1023,251,Hugo van Swieten,603,me_603
1024,252,Thierry Jansz. van Woerden,1483,me_1483
1025,253,Jan Bouwensz.,562,me_562
1026,254,Jacquemart van Asch,1520,me_1520
1027,255,Jan van Steenbergen,1529,me_1529
1028,256,Van den Broeke,1544,me_1544
1029,257,Stephan Scherff,1554,me_1554
1030,258,Steven Scherf,1554,me_1554
1031,259,Anthonis de Lokere,1560,me_1560
1032,260,Anthonis de Lonckere,1560,me_1560
1033,261,Gerrit Pietersz d'Oude,1571,me_1571
1034,262,Gerrit Pietersz l'Aisné,1571,me_1571
1035,263,Jeronimus Bruynseels,1574,me_1574
1036,264,Jacob Jansz van Velzen,1577,me_1577
1037,265,Jacob Jansz van Haarlem,1577,me_1577
1038,266,,794,me_794
1039,267,genaamd Peereboem,692,me_692
1040,268,,743,me_743
1041,269,Osdorp,1610,me_1610
1042,270,Magister,568,me_568
1043,271,Lombise,1646,me_1646
1044,272,"drossaart van Diest, of heer van Mal.",95,me_95
1045,273,de jonker van Arkel.,1850,me_1850
1046,274,Jan uten Waarde.,1861,me_1861
1047,275,Jacob van Benthem.,1871,me_1871
1048,276,,1629,me_1629
1049,277,Goedsot,1996,me_1996
1050,278,van Heemskerk,2019,me_2019
1051,279,van Heemskerk,2020,me_2020
1052,280,Wouter van den Berge.,2115,me_2115
1053,281,van Alkemade.,2388,me_2388
1054,282,ook als tHert.,1702,me_1702
1055,283,ook als tHert.,2057,me_2057
1056,284,Jan van der Scaghe.,1828,me_1828
1057,285,"Jan van Beaumont, Jan van Blois",2455,me_2455
1058,286,geheten van Engeland.,2457,me_2457
1059,287,"Jan van den Steen, Lem Scheve Nevenz.",2479,me_2479
1060,288,geheten van Engeland.,2459,me_2459
1061,289,Hendrik van Gheldenake.,2504,me_2504
1062,290,"ook als : Jan van den Briel, of Jan van Rapenburg.",114,me_114
1063,291,Willen Dullaert.,1627,me_1627
1064,292,Jan van Ammers.,2290,me_2290
1065,293,Hendrik heer Diederik Zayenz.,2443,me_2443
1066,294,Lange Adriaan.,2572,me_2572
1067,295,Jan Hendriksz. van Schoonhoven,153,me_153
1068,296,van Kest.,2635,me_2635
1069,297,gez. Briel.,2670,me_2670
1070,298,Viry,2617,me_2617
1071,299,,2624,me_2624
1072,300,Joost van Minnen.,2687,me_2687
1073,301,gezegd van Diemen.,2710,me_2710
1074,302,(van Hogenhouck),1035,me_1035
1075,303,"van der Campen, uten Campen.",2723,me_2723
1076,304,"Wouter van der Eycke, genaamd Van Heusden.",132,me_132
1077,305,van der Valk.,2619,me_2619
1078,306,van Vianen.,2386,me_2386
1079,307,genaamd Fallais.,2847,me_2847
1080,308,"Rijn, Rin.",1058,me_1058
1081,309,Jan Meetteneye.,3052,me_3052
1082,310,Jan Jan Duven zoonsz.,3079,me_3079
1083,311,Montfoort van Zwieten.,2133,me_2133
1084,312,van der Hameyden van den Abeele.,1578,me_1578
1085,313,van der Hameyden van den Abeele.,1025,me_1025
1086,314,"Zegers d'Ydegom, heer van Wassenhove",1616,me_1616
1087,315,ook als Willem Eggert van Gendt.,1971,me_1971
1088,316,mr. Tielman van Striene.,2236,me_2236
1089,317,Stadink Maasz. van Dubbelmonde.,2652,me_2652
1090,318,van Varik.,3228,me_3228
1091,319,Ghistelles,3512,me_3512
1092,320,genaamd Vos.,3566,me_3566
1093,321,Diepenhorst alias de Soos,3603,me_3603
1094,322,Haastenberg.,3604,me_3604
1095,323,bastaardzoon van Holland,3643,me_3643
1096,324,Rycoult van den Broek.,3646,me_3646
1097,325,Floris heren Dirks Bokelsbroeder.,3674,me_3674
1098,326,van der Spange,3679,me_3679
1099,327,Amelis van Amstel van Mijnden,1749,me_1749
1100,328,Harbaren van Riede.,3767,me_3767
1101,329,Dirk Verdoes.,3817,me_3817
1102,330,Luter Teylinc,41,me_41
1103,331,ook Willem Arnoudsz.,3581,me_3581
1104,332,Jan Willemsz. van der Borch.,3948,me_3948
1105,333,,3994,me_3994
1106,334,Pijnsz.,1131,me_1131
1107,335,Baert.,4136,me_4136
1108,336,Huge heren Gerritsz. (van Schiedam).,4220,me_4220
1109,337,Leen.,4344,me_4344
1110,338,Jan Cornelis Pietersz.,2633,me_2633
1111,339,Klaas Arendsz. Bartelmueusz.,4494,me_4494
1112,340,Adolf van Wakken,4495,me_4495
1113,341,ook als Bucquet,1562,me_1562
1114,342,Jeronimus de Rollez.,198,me_198
1115,343,de Munt.,1519,me_1519
1116,344,Hugo Duuk.,4579,me_4579
1117,345,Engelbrecht bastaard van Duvenvoorde,2256,me_2256
1118,346,Jacob Mauritsz.,1471,me_1471
1119,347,Hendrik Mida.,606,me_606
1120,348,Widt,2676,me_2676
1121,349,van Heemskerk,2275,me_2275
1122,350,Jan Hendriksz. van der Goude,2330,me_2330
1123,351,Tromperius.,5069,me_5069
1124,352,Karel de Smytere,2794,me_2794
1125,353,,3371,me_3371
1126,354,Willem Simonsz.,5138,me_5138
1127,355,Dirk de Klerk.,2559,me_2559
1128,356,Pieraart Assche,2641,me_2641
1129,357,Molencamp.,1952,me_1952
1130,358,Pieter Jansz. Rijswerkere.,2961,me_2961
1131,359,Dever.,1860,me_1860
1132,360,,5330,me_5330
1133,361,,2544,me_2544
1134,362,Ydo Jacobsz. (van der Tholen).,5365,me_5365
1135,363,Komen of Commines,718,me_718
1136,364,Willem de bastaard van Beieren.,5444,me_5444
1137,365,Rodenrijs/Kralingen.,2084,me_2084
1138,366,Avenkind,2483,me_2483
1139,367,Mogelijk dezelfde als Adriaan Pietersz.,2896,me_2896
1140,368,Simon Sillemoer Klaasz. Schol,3442,me_3442
1141,369,Huge Pietersz.,5191,me_5191
1142,370,Mol,3113,me_3113
1143,371,Klaas Taemsz.,1115,me_1115
1144,372,Bantschon.,5668,me_5668
1145,373,Jan met de bellen,1977,me_1977
1146,374,van Oosterland.,5050,me_5050
1147,375,Pieter van Renesse (van Beoostenzweene).,1027,me_1027
1148,376,Viglius Zuichemus ab Aytta; Wieger Aytta van Swichum.,243,me_243
1149,377,Everard Everaerts.,327,me_327
1150,378,"Cornelis Nieustadt, Neostadius, Nijestadt.",86,me_86
1151,379,Simon van Teilingen vanaf 1339.,1863,me_1863
1152,380,Jacob Pauwelsz. Hallincq.,3559,me_3559
1153,381,(Hoogstraat) (Gobburgenz.z.),3102,me_3102
1154,382,Gerard van Leiden.,1992,me_1992
1155,383,van Genuchten.,3880,me_3880
1156,0,Bernardus Bucho Aytta,4,divperioden_4
1157,1,Mamma Eponis,5,divperioden_5
1158,2,Renik Eminga,6,divperioden_6
1159,3,Schelte Tjaerda,7,divperioden_7
1160,4,Tako Heemstra,8,divperioden_8
1161,5,Benedictus Heris,10,divperioden_10
1162,6,Dietrich von Witzleben zu Wendelstein,15,divperioden_15
1163,7,Günther von Bünau zu Elsterberg und Christgrün,22,divperioden_22
1164,8,Casper Ziegler zu Gauernitz und Taubenheim,24,divperioden_24
1165,9,Otto Pflug zu Strehla und Lamperswalde,26,divperioden_26
1166,10,Seifard von Lüttichau zu Kmehlen und Ortrand,29,divperioden_29
1167,11,Veit von Drachsdorf zu Osterau,32,divperioden_32
1168,12,Goslik Jongema,39,divperioden_39
1169,13,Sytthie Aylva,56,divperioden_56
1170,14,Gregorius van Aken,59,divperioden_59
1171,15,Haio Hompius,62,divperioden_62
1172,16,Hette van Hoxwier,70,divperioden_70
1173,17,Jacob Rousseau,71,divperioden_71
1174,18,Alexius van Harderwijck,73,divperioden_73
1175,19,Valerius van Ockinga,75,divperioden_75
1176,20,Wilhelmus van der Linden,86,divperioden_86
1177,21,Joannes Carolus,95,divperioden_95
1178,22,Juw van Dekema,96,divperioden_96
1179,23,Karel Nicolai,100,divperioden_100
1180,24,Jurgien Godefridi,116,divperioden_116
1181,25,Sjoerd Hania,124,divperioden_124
1182,26,Meyne Lyckles Nijeholpada,118,divperioden_118
1183,27,Homerus van Harinxma,143,divperioden_143
1184,28,Theodorus Saeckma,148,divperioden_148
1185,29,Gerlich Doys thoe Nieuwland,172,divperioden_172
1186,30,Philippus Aebinga van Humalda,173,divperioden_173
1187,31,Godschalk van Knijff,191,divperioden_191
1188,32,Hendrik Johan Schultens,198,divperioden_198
1189,33,Boccatius Hoppers,252,divperioden_252
1190,34,Jan Huybertsz. Cath,368,divperioden_368
1191,35,Syds van Donia,381,divperioden_381
1192,36,Jurg Georg van Burmania,208,divperioden_208
1193,37,Sapheus Hiemstra,466,divperioden_466
1194,38,Schelto van Hiemstra,468,divperioden_468
1195,39,Schelto van Hiemstra,467,divperioden_467
1196,40,Sixtus a Decama,376,divperioden_376
1197,41,Horatius Meinsma,637,divperioden_637
1198,42,Dirck Sipperds Ennes,389,divperioden_389
1199,43,Idzard van Douma,384,divperioden_384
1200,44,"Stanzius, Theodorus",800,divperioden_800
1201,45,Arnoldus van Haersma,434,divperioden_434
1202,46,Adam van Eysinga,132,divperioden_132
1203,47,Frederick van Epema,709,divperioden_709
1204,48,Pieter Wopkesz. Cromwal,754,divperioden_754
1205,49,Pieter van Jongestal,146,divperioden_146
1206,50,Rintze van Andringa,287,divperioden_287
1207,51,Rinso van Andringa,287,divperioden_287
1208,52,Anchises van Andla,283,divperioden_283
1209,53,Ulpianus ab Aylva,311,divperioden_311
1210,54,Adrianus Bergsma,558,divperioden_558
1211,55,Suffridus van Boelens,256,divperioden_256
1212,56,Tarquinius van Boelens,330,divperioden_330
1213,57,Allart van Burum,362,divperioden_362
1214,58,Valerius Camminga,364,divperioden_364
1215,59,Erasmus van Douma,384,divperioden_384
1216,60,Pytter van Eysinga,396,divperioden_396
1217,61,Dirck Foegelsangh,407,divperioden_407
1218,62,Theodorus Fogelsangh,407,divperioden_407
1219,63,Valerius van Glinstra,421,divperioden_421
1220,64,Julius van Harinxma,460,divperioden_460
1221,65,Tjerck van Heerma,471,divperioden_471
1222,66,Duco van Hemmema,473,divperioden_473
1223,67,Dominicus ab Hottinga,481,divperioden_481
1224,68,Meynte van Idsaerda,490,divperioden_490
1225,69,Rembertus Syrcxma,499,divperioden_499
1226,70,Ritske van Ringia,505,divperioden_505
1227,71,Agge van Walta,506,divperioden_506
1228,72,Frederick van Vervou van Martenahuis,511,divperioden_511
1229,73,Pieter van Waltha,514,divperioden_514
1230,74,Rinco van Burmania,515,divperioden_515
1231,75,Eyse Lycklama,519,divperioden_519
1232,76,Arent Julianus de Beere,570,divperioden_570
1233,77,Hans Hendrik Boreel van Haersma,575,divperioden_575
1234,78,Willem August Sirtema van Grovestins,581,divperioden_581
1235,79,Eiso van Lycklama,519,divperioden_519
1236,80,Hans van Lycklama,627,divperioden_627
1237,81,Doecke van Martena,635,divperioden_635
1238,82,Scipio van Meckema,636,divperioden_636
1239,83,Lamoraal Johan Joachim Rengers,657,divperioden_657
1240,84,Andries Doedes,673,divperioden_673
1241,85,Sicco Meckema van Aylva,698,divperioden_698
1242,86,Scipio Meckema van Aylva,698,divperioden_698
1243,87,Ernst van Doenija,710,divperioden_710
1244,88,Lodewijck van Ockinga,714,divperioden_714
1245,89,Bocco van Burmania,719,divperioden_719
1246,90,Hotze van Aysma,731,divperioden_731
1247,91,Hotthie van Aysma,731,divperioden_731
1248,92,Douwe Sytsma,807,divperioden_807
1249,93,Douwe van Unia,820,divperioden_820
1250,94,Abram van Venema,902,divperioden_902
1251,95,Georg Sigismund van Hiemstra,465,divperioden_465
1252,96,Jelle Bruininga,341,divperioden_341
1253,97,Hartius Iepema,157,divperioden_157
1254,98,Saco van Idsinga,488,divperioden_488
1255,99,Bartholomeus van Nijsten,641,divperioden_641
1256,100,Willem Hendrick van Hiemstra,469,divperioden_469
1257,101,Carel Georg van Wassenaer Twickel,564,divperioden_564
1258,102,Titus van Hania,1024,divperioden_1024
1259,103,Sape van Wissema,841,divperioden_841
1260,104,Suffridus Saeckma,852,divperioden_852
1261,105,Zidzie van Aylva,56,divperioden_56
1262,106,Theodorus van Scheltinga,162,divperioden_162
1263,107,Sixtus Anthonius van Galama,900,divperioden_900
1264,108,Augustinus Lycklama à Nijeholt,955,divperioden_955
1265,109,Ritske van Rengia,505,divperioden_505
1266,110,Taco van Burmania,509,divperioden_509
1267,111,Christoffel Arentsma,272,divperioden_272
1268,112,Jan Nanningsz.,512,divperioden_512
1269,113,Frederick van Inthema,491,divperioden_491
1270,114,Jelte van Eysinga,501,divperioden_501
1271,115,Frederik Schuirmans,876,divperioden_876
1272,116,Johan Abraham Schuirmans,545,divperioden_545
1273,117,Epo van Bootsma,699,divperioden_699
1274,118,Epo van Aylva,297,divperioden_297
1275,119,Ausonius Aijsma,1080,divperioden_1080
1276,120,Rienk Atsma,292,divperioden_292
1277,121,Johannes Culenburg,375,divperioden_375
1278,122,Wilhelmus van Velsen,508,divperioden_508
1279,123,Jelle Bruinga,341,divperioden_341
1280,124,Tarquinius van Boelens,1087,divperioden_1087
1281,125,Juw van Bottinga,51,divperioden_51
1282,126,Pytter Edzard Mockema van Harinxma thoe Sloten,463,divperioden_463
1283,127,Aemilius van Oenema,847,divperioden_847
1284,128,Feycke Tetmans,732,divperioden_732
1285,129,Johannes ter Wisga,840,divperioden_840
1286,130,Pieter Beerent van Wijdenbrugh,1117,divperioden_1117
1287,131,Pieter Beerent van Widenbrug,1117,divperioden_1117
1288,132,Douwe van Botnia,346,divperioden_346
1289,133,Worp Jessens,738,divperioden_738
1290,134,Worp Tjessens,738,divperioden_738
1291,135,Dierck Thijssens,744,divperioden_744
1292,136,Hero Viarda,772,divperioden_772
1293,137,Rombertus Siercksma,499,divperioden_499
1294,138,Ipe van Bootsma,1140,divperioden_1140
1295,139,Gijsbert van Arentsma,1030,divperioden_1030
1296,140,Joachim Gerardi,1144,divperioden_1144
1297,141,Ruurt Bauts,1153,divperioden_1153
1298,142,Syds van Scheltema,762,divperioden_762
1299,143,Juw van Eysinga,1142,divperioden_1142
1300,144,Edo van Eysinga,392,divperioden_392
1301,145,Sicco van Aylva,300,divperioden_300
1302,146,Aduard van Reynalda,660,divperioden_660
1303,147,Van der Haer van Campensnieuwland,431,divperioden_431
1304,148,Van Schuylenburch van Bommenede,578,divperioden_578
1305,149,Van Aylva van Waardenburg en Neerijnen,572,divperioden_572
1306,150,Van Haersma van Nederhorst den Berg,575,divperioden_575
1307,151,Theotardus van Heloma,944,divperioden_944
1308,152,Dirk van Utrecht,81,divperioden_81
1309,153,Humpius van Emden,62,divperioden_62
1310,154,Gerard Muylaert,45,divperioden_45
1311,155,Gerard Milert,45,divperioden_45
1312,156,Martinus de Narden,57,divperioden_57
1313,157,Everard Everaerts,58,divperioden_58
1314,158,Jacobus van Botnia,334,divperioden_334
1315,159,Epo van Douwma,382,divperioden_382
1316,160,Fritz von Grumbach zu Eschefeld,37,divperioden_37
1317,161,Egbert Annes Idtskema,493,divperioden_493
1318,162,Ipe van Juckema,504,divperioden_504
1319,163,Jelle van Jongestal,135,divperioden_135
1320,164,Julius van Botnia,51,divperioden_51
1321,165,Johan Rotaller,44,divperioden_44
1322,166,Petrus Wiardi,9,divperioden_9
1323,167,Van Hambroick van Weleveld,449,divperioden_449
1324,0,Pieter Claesz. Seylemaecker,1264,republiek_1264
1325,1,Cornelis Thomasz. Sevenhuijsen,1272,republiek_1272
1326,2,Thijman Osdorp,567,republiek_567
1327,3,Sebastiaen Egberti,787,republiek_787
1328,4,Gerard Adriaensz. Koel,931,republiek_931
1329,5,Jan Maertsz.,1129,republiek_1129
1330,6,Dirk Dirksz. Ben,1137,republiek_1137
1331,7,Albert Borritsz.,1138,republiek_1138
1332,8,Johan d'Edel,408,republiek_408
1333,9,Jacob van der Meer,915,republiek_915
1334,10,Cornelis Tetrode van Weesp,857,republiek_857
1335,11,Jan Jansz. Secretaris,1214,republiek_1214
1336,12,Cornelis Jansz. du Bois,1215,republiek_1215
1337,13,Cornelis Jacobsz. Everhardt,1211,republiek_1211
1338,14,Willem Jacobsz. Brassen,1017,republiek_1017
1339,15,Johan van Duvenvoirde (vóór 1600),188,republiek_188
1340,16,Nicolaus Bulius,1043,republiek_1043
1341,17,Pouwels Claesz. Haring,1283,republiek_1283
1342,18,Hendrik Jansz. Snouck,971,republiek_971
1343,19,Henrick Melisz. Coppens,1222,republiek_1222
1344,20,Adriaen Dircxz. Jong(e),1604,republiek_1604
1345,21,Anthony Leemans,1005,republiek_1005
1346,22,Francois Pietersz. Maekschoon,1128,republiek_1128
1347,23,Brienen Manchon,970,republiek_970
1348,24,Claas Jansz. 't Hoen,1595,republiek_1595
1349,25,Gerard Pietersz. Twisch,1149,republiek_1149
1350,26,Engbert Engbertsz. Versteegh,958,republiek_958
1351,27,Joan Schott,431,republiek_431
1352,28,Aelbrecht van der Graaff,412,republiek_412
1353,29,Claes Jacobsz. Simonsz.,1055,republiek_1055
1354,30,Nicolaas le Febre,1741,republiek_1741
1355,31,Johan van Wassenaer,1686,republiek_1686
1356,32,Thomas van de Nieuburg,1268,republiek_1268
1357,33,Franco de Vree,889,republiek_889
1358,34,Wilhem Bardesius,1965,republiek_1965
1359,35,Rutger Wessel van den Boetzelaer,1335,republiek_1335
1360,36,Johan Claasz. Dirout,982,republiek_982
1361,37,Hans Colterman,1717,republiek_1717
1362,38,Pieter van Blankenbort,1317,republiek_1317
1363,39,Gerard Hoeufft,2042,republiek_2042
1364,40,Capiteyn Vinck,2089,republiek_2089
1365,41,Adriaen Pietersz. van Vlaerdingen,2092,republiek_2092
1366,42,Oom Jan Pietersz.,2128,republiek_2128
1367,43,Jacob Pietersz. Muusses,2131,republiek_2131
1368,44,Jacob Pietersz. Meuwisz.,2131,republiek_2131
1369,45,Bertram Philip Sigismund Albrecht graaf van Gronsfeld Diepenbroick Impel,2022,republiek_2022
1370,46,Willem Jacobsz. Brassaert,1017,republiek_1017
1371,47,Willem Reyersz. Kievit,2177,republiek_2177
1372,48,Michiel Michielsz. Feltron,2336,republiek_2336
1373,49,Wenceslaus van den Boetzelaer,1335,republiek_1335
1374,50,Wouter Jacobsz. Scherf,2007,republiek_2007
1375,51,Adriaen Cornelisz. Stockman,2352,republiek_2352
1376,52,Johan Swinnes,2391,republiek_2391
1377,53,Johan Swijsnas,2391,republiek_2391
1378,54,Cornelis Tymonsz. Schipper,2357,republiek_2357
1379,55,Claes Jacobsz. Haringcarspel,2355,republiek_2355
1380,56,Jacob Claesz. Haringcarspel,2401,republiek_2401
1381,57,Jacob Schoen,1051,republiek_1051
1382,58,Jan Cornelisz. Schellinger,2310,republiek_2310
1383,59,Jan Teen,2309,republiek_2309
1384,60,Jan Tedijn,2309,republiek_2309
1385,61,Jan Symonsz. Soutman,2311,republiek_2311
1386,62,Willem Jansz. Swan,2000,republiek_2000
1387,63,Jan Cornelisz. Schipper,2310,republiek_2310
1388,64,Dirck Heyndricksz. Dyckgraeff,2493,republiek_2493
1389,65,Gerard Fladderack,2463,republiek_2463
1390,66,Jacob Josias Wybout,454,republiek_454
1391,67,Symon Cornelisz. Hugens,2361,republiek_2361
1392,68,Diederik Diederiksz. 't Hooft,1796,republiek_1796
1393,69,Diederik Diederiksz. Theuft,1796,republiek_1796
1394,70,Johan Eliasz. van Loo,2449,republiek_2449
1395,71,Louis Huriblock,2188,republiek_2188
1396,72,Jacob Pauli,2706,republiek_2706
1397,73,Adriaen de Jongh,1646,republiek_1646
1398,74,Cornelis de Neyn,1818,republiek_1818
1399,75,Franchois Regius,2785,republiek_2785
1400,76,Dirk Thierry Jansz. van Woerden,2787,republiek_2787
1401,77,Evert de Neyn,1825,republiek_1825
1402,78,Geraart Montaigne,1635,republiek_1635
1403,79,Cornelis Neostadius,1682,republiek_1682
1404,80,Dirk van de Nieuburg,1625,republiek_1625
1405,81,Frederik Harmens,1634,republiek_1634
1406,82,Jan Arnold Ludolf Mulert tot Baeckenhagen,3520,republiek_3520
1407,83,Arent Hendrik ten Oever,3362,republiek_3362
1408,84,Arent van Lauwick,3379,republiek_3379
1409,85,Ernst van der Ceurbeecke,3538,republiek_3538
1410,86,Jan Gijsbert Reinder Opten Noort,3550,republiek_3550
1411,87,Jan Veen,3593,republiek_3593
1412,88,Diederik van Romond,3605,republiek_3605
1413,89,Pieter Derk Golts,3409,republiek_3409
1414,90,Rutger van Haersolte tot Toutenburg,3655,republiek_3655
1415,91,Rutger van Haersolte tot Hoenlo,3656,republiek_3656
1416,92,Roelof van Hoevel tot Nijenhuis,3681,republiek_3681
1417,93,Arend Veen,3686,republiek_3686
1418,94,Johan Everhard Adolf van Rechteren tot de Eze,3695,republiek_3695
1419,95,Lodewijk Arend Gansneb genaamd Tengnagel tot Oldhuis,3519,republiek_3519
1420,96,Lodewijk Arend Gansneb genaamd Tengnagel tot Oldenhof,3519,republiek_3519
1421,97,Gijsbert Kuijper,3295,republiek_3295
1422,98,Jan van Schrick,3292,republiek_3292
1423,99,Bartold ter Barhurst,3540,republiek_3540
1424,100,Theymen Vrieze,3598,republiek_3598
1425,101,Diederich van Willig tot Oldenhof,3636,republiek_3636
1426,102,Carl Philip Crafft van Huffel van Neÿwindeck,3517,republiek_3517
1427,103,Adolf Carel Bentinck tot Nijenhuis,3717,republiek_3717
1428,104,Borchard Amelis van Coeverden tot Hengelo,3720,republiek_3720
1429,105,Georg Otto von Munchausen tot Oldemeule,3721,republiek_3721
1430,106,Jan Zeger Sloet tot Grimberg,3723,republiek_3723
1431,107,Johan van Echten tot Olduitenborgh,3724,republiek_3724
1432,108,Boldewijn Sloet tot Lindenhorst,3366,republiek_3366
1433,109,Rutger van Haersolte tot Paaslo,3655,republiek_3655
1434,110,Hendrik van Isselmuden tot Hogenhuys,3371,republiek_3371
1435,111,Philip Gerrit van Echten tot Oldruitenborgh,3661,republiek_3661
1436,112,Sloet tot Lindenhorst,3735,republiek_3735
1437,113,Christoffel Hendriksz. Grauweijck,3747,republiek_3747
1438,114,Engbert Claasz. Engberts,3591,republiek_3591
1439,115,Marten Albertsz. Martens,3340,republiek_3340
1440,116,Johan Louwensz. Buijs,3755,republiek_3755
1441,117,Hendrik Crachtsz. Stuirman,3760,republiek_3760
1442,118,Dirk Hendriksz. Vrese,3682,republiek_3682
1443,119,Otto van Bijssel,3762,republiek_3762
1444,120,Herman Ewouts,3779,republiek_3779
1445,121,Herman ter Beecke,3739,republiek_3739
1446,122,Erasmus van Romondt,3607,republiek_3607
1447,123,Alexander Wijdenbrugh,2262,republiek_2262
1448,124,Arent Rijckarsse,3870,republiek_3870
1449,125,Johan de Bruyne,3145,republiek_3145
1450,126,Taems Gerritsz. van der Does,2396,republiek_2396
1451,127,Dirck Jacobsz. Seijs,2486,republiek_2486
1452,128,John Melvill,69,republiek_69
1453,129,Jacob Fransz. Wittens,142,republiek_142
1454,130,Carel Antoni Maclaine,561,republiek_561
1455,131,Willem van Goedereede,671,republiek_671
1456,132,Hugo van Erkel,724,republiek_724
1457,133,Thomas Verver,3288,republiek_3288
1458,134,Joan van der Beek,3291,republiek_3291
1459,135,Goswijn Hogers,3294,republiek_3294
1460,136,Janus Dousa,2824,republiek_2824
1461,137,Pieter de Hiniossa,1676,republiek_1676
1462,138,Apollonius Schotte,1683,republiek_1683
1463,139,Ellert de Veer,1712,republiek_1712
1464,140,Jacob Gerritsz. Koorn,1715,republiek_1715
1465,141,George Rataller,1736,republiek_1736
1466,142,Jacob Scotte,1753,republiek_1753
1467,143,Nicolaas Ruysch Claassen,2837,republiek_2837
1468,144,Dirk Jansz. Graswinckel,1754,republiek_1754
1469,145,Cornelis Boey,2766,republiek_2766
1470,146,Cornelis Boyus Ictus,2766,republiek_2766
1471,147,Jacob Jes,1679,republiek_1679
1472,148,Dirck Outgersz. Oostzanen,515,republiek_515
1473,149,Claes Allert Doctor,1043,republiek_1043
1474,150,Johan Bets,1631,republiek_1631
1475,151,Joris van Hoogwerf,2600,republiek_2600
1476,152,Johan Swijnaart,2391,republiek_2391
1477,153,Johan Swijnas,2391,republiek_2391
1478,154,Duvenvoorde,2335,republiek_2335
1479,155,David Jacobsz. Verheul,2326,republiek_2326
1480,156,Antoine Genits,2838,republiek_2838
1481,157,Ellert de Veer,2826,republiek_2826
1482,158,Jacob Gerritsz. Cassaties,2860,republiek_2860
1483,159,Hendrick Dircksz. Wems,2865,republiek_2865
1484,160,Hendrick Dircksz. Wemmes,2865,republiek_2865
1485,161,François Riccen,1779,republiek_1779
1486,162,Hendrick Dircksz. Wemes,2865,republiek_2865
1487,163,Jan Tijmonsz. Gast,1519,republiek_1519
1488,164,Jacob Jansz. Mars,1307,republiek_1307
1489,165,Gerardt Duesen,1616,republiek_1616
1490,166,Hubrecht Jan Anthonisse,2946,republiek_2946
1491,167,Cornelis Fransz. Wittens,143,republiek_143
1492,168,Cornelis Fransz. de Witte,143,republiek_143
1493,169,Hubrecht de Jonge,2946,republiek_2946
1494,170,Dirk van Teylingen,696,republiek_696
1495,171,Albrecht van Schagen,2014,republiek_2014
1496,172,Theodoricus van Leyden van Leeuwen,1613,republiek_1613
1497,173,Gerardt Doesze,1616,republiek_1616
1498,174,Gerardt Deuse,1616,republiek_1616
1499,175,Gerardt Deusze,1616,republiek_1616
1500,176,Frederick Boymer,2853,republiek_2853
1501,177,Floris Schoterbosch,1667,republiek_1667
1502,178,Andries Cornelisz. de Witte,1708,republiek_1708
1503,179,Frederik de Lier,1804,republiek_1804
1504,180,Johan Iman Cau van de Dussen,2735,republiek_2735
1505,181,Johan van Zuijrendael,2791,republiek_2791
1506,182,Franchois Boot,2796,republiek_2796
1507,183,Cornelis van Groendijk,1785,republiek_1785
1508,184,Meinardus van Buuren,2799,republiek_2799
1509,185,Johan Raven,1847,republiek_1847
1510,186,Evert Both van der Eem,2840,republiek_2840
1511,187,Pieter Rosa (vanaf 1682),238,republiek_238
1512,188,Jan Arentsz. Snyder,3011,republiek_3011
1513,189,Dirck Reynersz. Bood,3015,republiek_3015
1514,190,Jan Adriaensz. Croon,3018,republiek_3018
1515,191,Bouwen Heijnsz.,1175,republiek_1175
1516,192,Govert Christiaensz. van Slingeland,2516,republiek_2516
1517,193,Adriaan Andriesz. de Lange,959,republiek_959
1518,194,Everard Verschuyr,2328,republiek_2328
1519,195,Adriaan van Clevesteijn,1072,republiek_1072
1520,196,Willem Keyzer,1403,republiek_1403
1521,197,Diderik van der Meyden,1926,republiek_1926
1522,198,Gerrit Aertsz. van Hasselt,2339,republiek_2339
1523,199,Wouter Jacobsz. Schaep,2007,republiek_2007
1524,200,Wouter Jacobsz. Scharp,2007,republiek_2007
1525,201,Jan Dircksz. van der Zeijde,2353,republiek_2353
1526,202,David Jacobsz. van den Heuvel,2326,republiek_2326
1527,203,Johan Pauli,1621,republiek_1621
1528,204,Pieter Arijensz. Bois,1026,republiek_1026
1529,205,Pieter Arijensz. Boys,1026,republiek_1026
1530,206,Carel Bosgaert,1409,republiek_1409
1531,207,Bruine Arendsz. van der Dussen,1022,republiek_1022
1532,208,Cornelis Mesen,1032,republiek_1032
1533,209,Nicolaas Ewoutsz. Vermeulen,2284,republiek_2284
1534,210,Zacharias Hoffdijck van Beresteyn,346,republiek_346
1535,211,Dirk Jansz. Heemskerk van Beest,298,republiek_298
1536,212,Michiel Willemsz. van Hoyst,1330,republiek_1330
1537,213,Jan Pietersz. Reijnse,543,republiek_543
1538,214,Cornelis de Jonge,592,republiek_592
1539,215,Arnout Daye de Jode jr.,852,republiek_852
1540,216,Paulus Bordsen,1689,republiek_1689
1541,217,Paulus Baertssen,1689,republiek_1689
1542,218,Paulus Basson,1689,republiek_1689
1543,219,Louis Heuriblocq,2188,republiek_2188
1544,220,Louis Huerenblock,2188,republiek_2188
1545,221,Pieter Claesz. Verhorst,2367,republiek_2367
1546,222,Job Pietersz. Ruvere,1970,republiek_1970
1547,223,Job Pietersz. van Ruiven,1970,republiek_1970
1548,224,Job Pietersz. van Roeren,1970,republiek_1970
1549,225,Willem Vrancken,2368,republiek_2368
1550,226,Pieter Rodincx,1994,republiek_1994
1551,227,Jan Cornelisz. Verhé,2002,republiek_2002
1552,228,Mattheus Augustijnsz. Steyns,2006,republiek_2006
1553,229,Jan Cornelisz. Schellingen,2310,republiek_2310
1554,230,Cornelis Nicolai,660,republiek_660
1555,231,Cornelis Florisz. Blom,2494,republiek_2494
1556,232,Wigbold Adriaan Graaf van Nassau-Bergen,2660,republiek_2660
1557,233,Cornelis Teymon,2877,republiek_2877
1558,234,Jacob de Block,2960,republiek_2960
1559,235,Nicolaas de Block,2959,republiek_2959
1560,236,Johan Ghyselingh,3119,republiek_3119
1561,237,Gasper Ingelsen,3120,republiek_3120
1562,238,Ingel Leunissen,3115,republiek_3115
1563,239,Adriaan Mannemaker,3057,republiek_3057
1564,240,Diderik Buysero,2994,republiek_2994
1565,241,Johan Gijseling,3193,republiek_3193
1566,242,Salomon Dierquens,418,republiek_418
1567,243,André Hesselt van Dinther,3227,republiek_3227
1568,244,Andries Hessels van Dinther,3227,republiek_3227
1569,245,Mattheus Hessels van Dinther,3231,republiek_3231
1570,246,Jasper van Kinschot,407,republiek_407
1571,247,Boudewijn van Barlicom,3245,republiek_3245
1572,248,Gijsbrecht van Loen,3253,republiek_3253
1573,249,Cornelis Vrancken,3252,republiek_3252
1574,250,Derk Frederik van Voorst tot Alerdinck,3413,republiek_3413
1575,251,Borchard Joost van Welvelde tot Buckhorst,3268,republiek_3268
1576,252,Wolter Jan van Broeckhuysen tot den Doorn,3272,republiek_3272
1577,253,Wolf Bentinck tot Langevelso,3273,republiek_3273
1578,254,August Leopold van Pallandt tot Eerde,3277,republiek_3277
1579,255,Gerrit Helmich van Voorst tot Alerdinck,3279,republiek_3279
1580,256,Robert Hendrik van Hambroeck tot Welefelt,3330,republiek_3330
1581,257,Frederik Gijsbert van Dedem tot den Pekkedam,3331,republiek_3331
1582,258,Frederik Gijsbert van Dedem tot Hackmeule,3331,republiek_3331
1583,259,Arend van Raesfelt tot Elssen,3329,republiek_3329
1584,260,Arend Coenraad van der Lauwick tot Benthuis,3445,republiek_3445
1585,261,Christoffel Aemilius van Voorst tot Hagenvoorde,3499,republiek_3499
1586,262,Gillis de Geerbode,994,republiek_994
1587,263,Adriaan van Allemande,1003,republiek_1003
1588,264,Jacob Wormersen van Schonen,1051,republiek_1051
1589,265,Cornelis van Nierop,1066,republiek_1066
1590,266,Joachim van Nierop,1067,republiek_1067
1591,267,Adriaan de Raat,1099,republiek_1099
1592,268,Cornelis Cornelisz. Butterkooper,1231,republiek_1231
1593,269,Adriaen 't Jonk,1646,republiek_1646
1594,270,Kasper van Poelgeest,1983,republiek_1983
1595,271,Joos de Huybert,3156,republiek_3156
1596,272,Cornelis Joansz. Steengracht de Wehl,3186,republiek_3186
1597,273,Gerhardt Doncker,3290,republiek_3290
1598,274,Roelof van den Clooster tot Groenlo,3509,republiek_3509
1599,275,Pieter Stas,3258,republiek_3258
1600,276,Henrick Nieulandt,3565,republiek_3565
1601,277,Johan d'Alles,3178,republiek_3178
1602,278,Cornelis Munnicken,2880,republiek_2880
1603,279,Bonaventura Broen de Keijzer,2924,republiek_2924
1604,280,Jacob Arent Baron de Perponcher Sedlnitsky,430,republiek_430
1605,281,Willem Coux,2928,republiek_2928
1606,282,George Rathaller,1736,republiek_1736
1607,283,Alexander Widenbrug,2262,republiek_2262
1608,284,Crijn Takesz. Ossekooper,1235,republiek_1235
1609,285,Frederik Ricxen,1759,republiek_1759
1610,286,Jacob Pietersz. Tromp,2130,republiek_2130
1611,287,Nanning Kayser,2241,republiek_2241
1612,288,Jan Jansz. Teengh van Berkhout,2309,republiek_2309
1613,289,Willem van der Aa,2368,republiek_2368
1614,290,Jacob Johansz. van Meeuwen,2479,republiek_2479
1615,291,Willem Cornelisz. de Jonge,2521,republiek_2521
1616,292,Aelbert Nierop,2715,republiek_2715
1617,293,Johan Valentijn Sprenger,3167,republiek_3167
1618,294,Gerhard Joan van Suchtelen,3306,republiek_3306
1619,295,Berent de Lespierre,3743,republiek_3743
1620,296,Roelof van Hoevell tot Nijenhuis,3808,republiek_3808
1621,297,Roelof van Hoevell tot den Dam,3808,republiek_3808
1622,298,Pieter de Hynojossa,1676,republiek_1676
1623,299,Jodocus de Huybert,3156,republiek_3156
1624,300,Pieter Ingelveert,3053,republiek_3053
1625,301,Pieter Engelvaart,3053,republiek_3053
1626,302,Cornelis Staefnisse,3144,republiek_3144
1627,303,Cornelis Staefvenisse,3144,republiek_3144
1628,304,Joos Ewoudsz. Teeling,3079,republiek_3079
1629,305,Pieter Duijvelaer,3157,republiek_3157
1630,306,François Valerius,4043,republiek_4043
1631,307,David Hubert Verelst,3852,republiek_3852
1632,308,Jan van de Werke,3140,republiek_3140
1633,309,Nicolaas Willemsz. van Cromstryen,4059,republiek_4059
1634,310,Dirck Stickingh,3283,republiek_3283
1635,311,Lambert ter Cuelen,3812,republiek_3812
1636,312,Lambert ter Coelen,3812,republiek_3812
1637,313,Hendrik Haga,3364,republiek_3364
1638,314,Diederik Stikke,3283,republiek_3283
1639,315,Arnold Lemker,3296,republiek_3296
1640,316,Casper ter Borchorst,3339,republiek_3339
1641,317,Casper ter Borgersz.,3339,republiek_3339
1642,318,Hendrik ter Coelen,3381,republiek_3381
1643,319,Steven Cornelisz. Nijs,3067,republiek_3067
1644,320,Pieter Jansz. Liorne,4078,republiek_4078
1645,321,Pieter Jansz. Livorne,4078,republiek_4078
1646,322,Willem Pietersz. Caescooper,2524,republiek_2524
1647,323,Theodorus Huberti,3816,republiek_3816
1648,324,Willem Ripperda tot Hengelo,3317,republiek_3317
1649,325,Ernst van Ittersum tot de Hofstede,3631,republiek_3631
1650,326,Willem Ripperda tot Boekelo,3317,republiek_3317
1651,327,Arend Sloet tot Tweenijenhuizen,3455,republiek_3455
1652,328,Willem Jurjen van den Boetzelaer tot Westerholt,3706,republiek_3706
1653,329,Peter van Uterwyck tot Alerdinck,3436,republiek_3436
1654,330,Ernst van Ittersum tot Beverveurde,3437,republiek_3437
1655,331,Gerrit Sloet tot Bannevelt,3453,republiek_3453
1656,332,Arend Herman Sloet tot Tweenijenhuizen,3732,republiek_3732
1657,333,François Francq,1655,republiek_1655
1658,334,Crijn Takesz. Osseweyer,1235,republiek_1235
1659,335,Pieter Ingelbert,3053,republiek_3053
1660,336,Feynte Fredericx,4109,republiek_4109
1661,337,George de Bie,3997,republiek_3997
1662,338,Jacques Walravens,4110,republiek_4110
1663,339,Fento Rixen,4109,republiek_4109
1664,340,Fento Fredericsz. Blauvelt,4109,republiek_4109
1665,341,Pieter van Borre,3257,republiek_3257
1666,342,Augustinus Bakker,3969,republiek_3969
1667,343,Jacob Fabrice Bouman,3989,republiek_3989
1668,344,Jacob van Aerssen,3230,republiek_3230
1669,345,Pierre Changuion,4149,republiek_4149
1670,346,Hendrik Verburch,4171,republiek_4171
1671,347,Casper Fagel,770,republiek_770
1672,348,Hendrik Huigh,1162,republiek_1162
1673,349,Comen Reyner Fransz.,1195,republiek_1195
1674,350,Adolphus Transisulanus van Voorst,1852,republiek_1852
1675,351,Hendrik Willemsz. van den Broeck,1972,republiek_1972
1676,352,Willem van Lijere,2019,republiek_2019
1677,353,Galenus Bevers,2990,republiek_2990
1678,354,Jodocus Fockinck,3574,republiek_3574
1679,355,Theodorus Berdenis,3742,republiek_3742
1680,356,Johan ter Beeck,3810,republiek_3810
1681,357,Adriaan van der Hooge,2834,republiek_2834
1682,358,Nicolaas Willem Symonsz. Cromstryen,4059,republiek_4059
1683,359,Johan Ghiselyn,3193,republiek_3193
1684,360,François Francken,1655,republiek_1655
1685,361,Johan van Boeckhoven,2954,republiek_2954
1686,362,Diederik van Egmond van de Nijenburg,1625,republiek_1625
1687,363,Gerrit Jansz. van de Nieuburch,1266,republiek_1266
1688,364,Cornelis Jansz. van de Nieuwburg,1980,republiek_1980
1689,365,Johan Gerritsz. van de Nijenburgh,1275,republiek_1275
1690,366,Lucas Siberti,4200,republiek_4200
1691,367,Gasper Jacob van Citters,2940,republiek_2940
1692,368,Jan André van der Meulen,4239,republiek_4239
1693,369,Meynart van Hensz.,4212,republiek_4212
1694,370,Meynart van Huessen,4212,republiek_4212
1695,371,Meynart van Huissen,4212,republiek_4212
1696,372,Jacob van Beresteyn,4211,republiek_4211
1697,373,Jan Claasz. Noortland,2232,republiek_2232
1698,374,Joachim van den Boetzelaer tot Toutenburg,4096,republiek_4096
1699,375,Van Pallandt tot Beerse,3716,republiek_3716
1700,376,Van Wassenaer van Starrenburg,250,republiek_250
1701,377,Hendrik Jansz. Mossel van Stralen,471,republiek_471
1702,378,Steengracht van Oosterland,2216,republiek_2216
1703,379,Griffioen van Waarder,2852,republiek_2852
1704,380,Sloet van Warmelo,3415,republiek_3415
1705,381,Sloet van Westerholt,3417,republiek_3417
1706,382,Van Rhemen van Rhemenshuizen,3501,republiek_3501
1707,383,Van Rhemen van Rhemenshuizen en de Geldersche Toren,3501,republiek_3501
1708,384,Van Isselmuden van Zwollingercamp,3502,republiek_3502
1709,385,Van Heerdt tot Eversberg,3522,republiek_3522
1710,386,Gansneb genaamd Tengnagel van de Luttenberg,3676,republiek_3676
1711,387,Van Pallandt van Eerde,3716,republiek_3716
1712,388,Sloet van Tweenyenhuizen en Bredenhorst,3736,republiek_3736
1713,389,Borssele van der Hooghe,3839,republiek_3839
1714,390,Van Nagell van Ampsen,4249,republiek_4249
1715,391,Van Boetzelaer van Kijfhoek,1957,republiek_1957
1716,392,Calkoen van Kortenhoef,755,republiek_755
1717,393,François van Harencarspel Decker van Beverwijk,2126,republiek_2126
1718,394,Van Kuffeler van Hoogeveen,2088,republiek_2088
1719,395,Van der Mandere van Ouwerkerk,3869,republiek_3869
1720,396,Nagell,4249,republiek_4249
1721,397,Buyesius,1669,republiek_1669
1722,398,Edzard Jacob Lewe van Middelstum,5098,republiek_5098
1723,399,,5547,republiek_5547
1724,400,Berend Alting,5330,republiek_5330
1725,401,Daniel Henri l'Argentier,5702,republiek_5702
1726,402,Hindrick Grauwens,5403,republiek_5403
1727,403,Johannes Grauwens,5435,republiek_5435
1728,404,Hendrik van Heek,4285,republiek_4285
1729,405,Borchert van Aswede,4288,republiek_4288
1730,406,Nicolaas van Millinga,4289,republiek_4289
1731,407,Sijger Sijgers,4290,republiek_4290
1732,408,Siger de Sigers,4290,republiek_4290
1733,409,,4303,republiek_4303
1734,410,Rudolf Dijk,4311,republiek_4311
1735,411,Eling Ketel,4322,republiek_4322
1736,412,Hendrik Swartte,4323,republiek_4323
1737,413,,5380,republiek_5380
1738,414,Pompejus de Valcke,4370,republiek_4370
1739,415,Abel Coenders de oudere,5011,republiek_5011
1740,416,Abel Coenders de jongere,5741,republiek_5741
1741,417,Sijger Sijgers in den Dam,5386,republiek_5386
1742,418,Wicher Wichers de jongere,5744,republiek_5744
1743,419,Wicher Wichers de oudere,5745,republiek_5745
1744,420,Theodorus Jacob Clant,5136,republiek_5136
1745,421,,5350,republiek_5350
1746,422,Johan de Mepsche op den Ham,5378,republiek_5378
1747,423,Willem Ubbena de jonge,5423,republiek_5423
1748,424,Edzard Rengers ten Post,5472,republiek_5472
1749,425,Reint Alberda de jonge,5594,republiek_5594
1750,426,,5596,republiek_5596
1751,427,Ulrich van Ewsum,5675,republiek_5675
1752,428,Focko Ulfarts van Hoysum,5446,republiek_5446
1753,429,,5009,republiek_5009
1754,430,Otto van Farmsum,5026,republiek_5026
1755,431,,5931,republiek_5931
1756,432,Johan van Meurs,5192,republiek_5192
1757,433,Jan Remmert Clant van Godlinze,5271,republiek_5271
1758,434,Hendrik van Bushoff (Boshoff).,6577,republiek_6577
1759,435,Meurs,6578,republiek_6578
1760,436,Hartfelt,5760,republiek_5760
1761,437,Joan Frederik Gordon,5174,republiek_5174
1762,438,Adriaan Wolter Willem Stoet tot Diepenbroek,6796,republiek_6796
1763,439,Alexander Munq de oude,6941,republiek_6941
1764,440,'t manke van Furstendom van Gelre,4960,republiek_4960
1765,441,Guillielmo Bartolotti,7387,republiek_7387
1766,442,Cornelis Nicolaessoon,7481,republiek_7481
1767,443,van Diederen,6586,republiek_6586
1768,444,Martin Gregorii,5749,republiek_5749
1769,445,,7681,republiek_7681
1770,446,,7684,republiek_7684
1771,447,Willem Jansz. Franken Lakekooper,6748,republiek_6748
1772,448,Bossu,8108,republiek_8108
1773,0,Bernardus Bucho Aytta,4,republiek_friezen_4
1774,1,Mamma Eponis,5,republiek_friezen_5
1775,2,Renik Eminga,6,republiek_friezen_6
1776,3,Schelte Tjaerda,7,republiek_friezen_7
1777,4,Tako Heemstra,8,republiek_friezen_8
1778,5,Benedictus Heris,10,republiek_friezen_10
1779,6,Dietrich von Witzleben zu Wendelstein,15,republiek_friezen_15
1780,7,Günther von Bünau zu Elsterberg und Christgrün,22,republiek_friezen_22
1781,8,Casper Ziegler zu Gauernitz und Taubenheim,24,republiek_friezen_24
1782,9,Otto Pflug zu Strehla und Lamperswalde,26,republiek_friezen_26
1783,10,Seifard von Lüttichau zu Kmehlen und Ortrand,29,republiek_friezen_29
1784,11,Veit von Drachsdorf zu Osterau,32,republiek_friezen_32
1785,12,Goslik Jongema,39,republiek_friezen_39
1786,13,Sytthie Aylva,56,republiek_friezen_56
1787,14,Gregorius van Aken,59,republiek_friezen_59
1788,15,Haio Hompius,62,republiek_friezen_62
1789,16,Hette van Hoxwier,70,republiek_friezen_70
1790,17,Jacob Rousseau,71,republiek_friezen_71
1791,18,Alexius van Harderwijck,73,republiek_friezen_73
1792,19,Valerius van Ockinga,75,republiek_friezen_75
1793,20,Wilhelmus van der Linden,86,republiek_friezen_86
1794,21,Joannes Carolus,95,republiek_friezen_95
1795,22,Juw van Dekema,96,republiek_friezen_96
1796,23,Karel Nicolai,100,republiek_friezen_100
1797,24,Jurgien Godefridi,116,republiek_friezen_116
1798,25,Sjoerd Hania,124,republiek_friezen_124
1799,26,Meyne Lyckles Nijeholpada,118,republiek_friezen_118
1800,27,Homerus van Harinxma,143,republiek_friezen_143
1801,28,Theodorus Saeckma,148,republiek_friezen_148
1802,29,Gerlich Doys thoe Nieuwland,172,republiek_friezen_172
1803,30,Philippus Aebinga van Humalda,173,republiek_friezen_173
1804,31,Godschalk van Knijff,191,republiek_friezen_191
1805,32,Hendrik Johan Schultens,198,republiek_friezen_198
1806,33,Boccatius Hoppers,252,republiek_friezen_252
1807,34,Jan Huybertsz. Cath,368,republiek_friezen_368
1808,35,Syds van Donia,381,republiek_friezen_381
1809,36,Jurg Georg van Burmania,208,republiek_friezen_208
1810,37,Sapheus Hiemstra,466,republiek_friezen_466
1811,38,Schelto van Hiemstra,468,republiek_friezen_468
1812,39,Schelto van Hiemstra,467,republiek_friezen_467
1813,40,Sixtus a Decama,376,republiek_friezen_376
1814,41,Horatius Meinsma,637,republiek_friezen_637
1815,42,Dirck Sipperds Ennes,389,republiek_friezen_389
1816,43,Idzard van Douma,384,republiek_friezen_384
1817,44,"Stanzius, Theodorus",800,republiek_friezen_800
1818,45,Arnoldus van Haersma,434,republiek_friezen_434
1819,46,Adam van Eysinga,132,republiek_friezen_132
1820,47,Frederick van Epema,709,republiek_friezen_709
1821,48,Pieter Wopkesz. Cromwal,754,republiek_friezen_754
1822,49,Pieter van Jongestal,146,republiek_friezen_146
1823,50,Rintze van Andringa,287,republiek_friezen_287
1824,51,Rinso van Andringa,287,republiek_friezen_287
1825,52,Anchises van Andla,283,republiek_friezen_283
1826,53,Ulpianus ab Aylva,311,republiek_friezen_311
1827,54,Adrianus Bergsma,558,republiek_friezen_558
1828,55,Suffridus van Boelens,256,republiek_friezen_256
1829,56,Tarquinius van Boelens,330,republiek_friezen_330
1830,57,Allart van Burum,362,republiek_friezen_362
1831,58,Valerius Camminga,364,republiek_friezen_364
1832,59,Erasmus van Douma,384,republiek_friezen_384
1833,60,Pytter van Eysinga,396,republiek_friezen_396
1834,61,Dirck Foegelsangh,407,republiek_friezen_407
1835,62,Theodorus Fogelsangh,407,republiek_friezen_407
1836,63,Valerius van Glinstra,421,republiek_friezen_421
1837,64,Julius van Harinxma,460,republiek_friezen_460
1838,65,Tjerck van Heerma,471,republiek_friezen_471
1839,66,Duco van Hemmema,473,republiek_friezen_473
1840,67,Dominicus ab Hottinga,481,republiek_friezen_481
1841,68,Meynte van Idsaerda,490,republiek_friezen_490
1842,69,Rembertus Syrcxma,499,republiek_friezen_499
1843,70,Ritske van Ringia,505,republiek_friezen_505
1844,71,Agge van Walta,506,republiek_friezen_506
1845,72,Frederick van Vervou van Martenahuis,511,republiek_friezen_511
1846,73,Pieter van Waltha,514,republiek_friezen_514
1847,74,Rinco van Burmania,515,republiek_friezen_515
1848,75,Eyse Lycklama,519,republiek_friezen_519
1849,76,Arent Julianus de Beere,570,republiek_friezen_570
1850,77,Hans Hendrik Boreel van Haersma,575,republiek_friezen_575
1851,78,Willem August Sirtema van Grovestins,581,republiek_friezen_581
1852,79,Eiso van Lycklama,519,republiek_friezen_519
1853,80,Hans van Lycklama,627,republiek_friezen_627
1854,81,Doecke van Martena,635,republiek_friezen_635
1855,82,Scipio van Meckema,636,republiek_friezen_636
1856,83,Lamoraal Johan Joachim Rengers,657,republiek_friezen_657
1857,84,Andries Doedes,673,republiek_friezen_673
1858,85,Sicco Meckema van Aylva,698,republiek_friezen_698
1859,86,Scipio Meckema van Aylva,698,republiek_friezen_698
1860,87,Ernst van Doenija,710,republiek_friezen_710
1861,88,Lodewijck van Ockinga,714,republiek_friezen_714
1862,89,Bocco van Burmania,719,republiek_friezen_719
1863,90,Hotze van Aysma,731,republiek_friezen_731
1864,91,Hotthie van Aysma,731,republiek_friezen_731
1865,92,Douwe Sytsma,807,republiek_friezen_807
1866,93,Douwe van Unia,820,republiek_friezen_820
1867,94,Abram van Venema,902,republiek_friezen_902
1868,95,Georg Sigismund van Hiemstra,465,republiek_friezen_465
1869,96,Jelle Bruininga,341,republiek_friezen_341
1870,97,Hartius Iepema,157,republiek_friezen_157
1871,98,Saco van Idsinga,488,republiek_friezen_488
1872,99,Bartholomeus van Nijsten,641,republiek_friezen_641
1873,100,Willem Hendrick van Hiemstra,469,republiek_friezen_469
1874,101,Carel Georg van Wassenaer Twickel,564,republiek_friezen_564
1875,102,Titus van Hania,1024,republiek_friezen_1024
1876,103,Sape van Wissema,841,republiek_friezen_841
1877,104,Suffridus Saeckma,852,republiek_friezen_852
1878,105,Zidzie van Aylva,56,republiek_friezen_56
1879,106,Theodorus van Scheltinga,162,republiek_friezen_162
1880,107,Sixtus Anthonius van Galama,900,republiek_friezen_900
1881,108,Augustinus Lycklama à Nijeholt,955,republiek_friezen_955
1882,109,Ritske van Rengia,505,republiek_friezen_505
1883,110,Taco van Burmania,509,republiek_friezen_509
1884,111,Christoffel Arentsma,272,republiek_friezen_272
1885,112,Jan Nanningsz.,512,republiek_friezen_512
1886,113,Frederick van Inthema,491,republiek_friezen_491
1887,114,Jelte van Eysinga,501,republiek_friezen_501
1888,115,Frederik Schuirmans,876,republiek_friezen_876
1889,116,Johan Abraham Schuirmans,545,republiek_friezen_545
1890,117,Epo van Bootsma,699,republiek_friezen_699
1891,118,Epo van Aylva,297,republiek_friezen_297
1892,119,Ausonius Aijsma,1080,republiek_friezen_1080
1893,120,Rienk Atsma,292,republiek_friezen_292
1894,121,Johannes Culenburg,375,republiek_friezen_375
1895,122,Wilhelmus van Velsen,508,republiek_friezen_508
1896,123,Jelle Bruinga,341,republiek_friezen_341
1897,124,Tarquinius van Boelens,1087,republiek_friezen_1087
1898,125,Juw van Bottinga,51,republiek_friezen_51
1899,126,Pytter Edzard Mockema van Harinxma thoe Sloten,463,republiek_friezen_463
1900,127,Aemilius van Oenema,847,republiek_friezen_847
1901,128,Feycke Tetmans,732,republiek_friezen_732
1902,129,Johannes ter Wisga,840,republiek_friezen_840
1903,130,Pieter Beerent van Wijdenbrugh,1117,republiek_friezen_1117
1904,131,Pieter Beerent van Widenbrug,1117,republiek_friezen_1117
1905,132,Douwe van Botnia,346,republiek_friezen_346
1906,133,Worp Jessens,738,republiek_friezen_738
1907,134,Worp Tjessens,738,republiek_friezen_738
1908,135,Dierck Thijssens,744,republiek_friezen_744
1909,136,Hero Viarda,772,republiek_friezen_772
1910,137,Rombertus Siercksma,499,republiek_friezen_499
1911,138,Ipe van Bootsma,1140,republiek_friezen_1140
1912,139,Gijsbert van Arentsma,1030,republiek_friezen_1030
1913,140,Joachim Gerardi,1144,republiek_friezen_1144
1914,141,Ruurt Bauts,1153,republiek_friezen_1153
1915,142,Syds van Scheltema,762,republiek_friezen_762
1916,143,Juw van Eysinga,1142,republiek_friezen_1142
1917,144,Edo van Eysinga,392,republiek_friezen_392
1918,145,Sicco van Aylva,300,republiek_friezen_300
1919,146,Aduard van Reynalda,660,republiek_friezen_660
1920,147,Van der Haer van Campensnieuwland,431,republiek_friezen_431
1921,148,Van Schuylenburch van Bommenede,578,republiek_friezen_578
1922,149,Van Aylva van Waardenburg en Neerijnen,572,republiek_friezen_572
1923,150,Van Haersma van Nederhorst den Berg,575,republiek_friezen_575
1924,151,Theotardus van Heloma,944,republiek_friezen_944
1925,152,Dirk van Utrecht,81,republiek_friezen_81
1926,153,Humpius van Emden,62,republiek_friezen_62
1927,154,Gerard Muylaert,45,republiek_friezen_45
1928,155,Gerard Milert,45,republiek_friezen_45
1929,156,Martinus de Narden,57,republiek_friezen_57
1930,157,Everard Everaerts,58,republiek_friezen_58
1931,158,Jacobus van Botnia,334,republiek_friezen_334
1932,159,Epo van Douwma,382,republiek_friezen_382
1933,160,Fritz von Grumbach zu Eschefeld,37,republiek_friezen_37
1934,161,Egbert Annes Idtskema,493,republiek_friezen_493
1935,162,Ipe van Juckema,504,republiek_friezen_504
1936,163,Jelle van Jongestal,135,republiek_friezen_135
1937,164,Julius van Botnia,51,republiek_friezen_51
1938,165,Johan Rotaller,44,republiek_friezen_44
1939,166,Petrus Wiardi,9,republiek_friezen_9
1940,167,Van Hambroick van Weleveld,449,republiek_friezen_449
