,lokaal_id,lokaal,old_idlokaal
0,0,'s Grevelduin Kapelle,['batfra_494']
1,1,'s-Gravenhage,"['batfra_464', 'negentiende_eeuw_14']"
2,2,'s-Hertogenbosch,"['batfra_374', 'negentiende_eeuw_13', 'republiek_76']"
3,3,Aalten,['negentiende_eeuw_241']
4,4,Abcoude,['negentiende_eeuw_80']
5,5,Achtkarspelen,"['batfra_186', 'negentiende_eeuw_157', 'divperioden_3', 'republiek_friezen_3']"
6,6,Achtste Departement - Dorth,['batfra_342']
7,7,Achtste Departement - Geesteren,['batfra_340']
8,8,Achtste Departement - Gelselaar,['batfra_341']
9,9,Achtste Departement - Laren,['batfra_338']
10,10,Achtste Departement - Scholtambt Lochem,['batfra_337']
11,11,Achtste Departement - Verwolde,['batfra_339']
12,12,Adel van Artois,['republiek_62']
13,13,Adel van Brabant,['republiek_57']
14,14,Adel van Henegouwen,['republiek_64']
15,15,Adel van Namen,['republiek_70']
16,16,Adel van Vlaanderen,['republiek_60']
17,17,Adel van Waals-Vlaanderen,['republiek_68']
18,18,Aengwirden,"['batfra_195', 'negentiende_eeuw_158', 'republiek_friezen_27']"
19,19,Aire,['republiek_92']
20,20,Alblasserdam,['negentiende_eeuw_115']
21,21,Alblasserwaard,['batfra_485']
22,22,Alkmaar,"['batfra_451', 'negentiende_eeuw_1', 'republiek_13']"
23,23,Almelo,['negentiende_eeuw_2']
24,24,Alphen,['negentiende_eeuw_116']
25,25,Ambt van Bommelerwaard,['batfra_291']
26,26,Ambt van Maas en Waal,['batfra_289']
27,27,Ambt van Nederbetuwe,['batfra_288']
28,28,Ambt van Overbetuwe,['batfra_294']
29,29,Ambt van Tielerwaard (met Beesd en Rhenoy),['batfra_290']
30,30,Ameland,['negentiende_eeuw_159']
31,31,Amerongen,['negentiende_eeuw_77']
32,32,Amersfoort,"['negentiende_eeuw_4', 'republiek_36']"
33,33,Amsterdam,"['batfra_460', 'negentiende_eeuw_3', 'me_10', 'republiek_6']"
34,34,Anloo,"['batfra_412', 'batfra_430']"
35,35,Antwerpen,['republiek_73']
36,36,Apeldoorn,['batfra_277']
37,37,Apeldoorn/Brummen,['negentiende_eeuw_233']
38,38,Appingedam,['negentiende_eeuw_5']
39,39,Arnhem,"['batfra_262', 'negentiende_eeuw_6', 'me_8', 'republiek_45']"
40,40,Arrondissement Alkmaar,['batfra_15']
41,41,Arrondissement Almelo,['batfra_26']
42,42,Arrondissement Amersfoort,['batfra_203']
43,43,Arrondissement Amsterdam,['batfra_1']
44,44,Arrondissement Appingedam,['batfra_2']
45,45,Arrondissement Arnhem,['batfra_23']
46,46,Arrondissement Assen,['batfra_20']
47,47,Arrondissement Den Briel,['batfra_3']
48,48,Arrondissement Den Haag,['batfra_14']
49,49,Arrondissement Deventer,['batfra_17']
50,50,Arrondissement Dordrecht,['batfra_25']
51,51,Arrondissement Eindhoven,['batfra_7']
52,52,Arrondissement Emden,['batfra_12']
53,53,Arrondissement Flakkee,['batfra_388']
54,54,Arrondissement Goes,['batfra_24']
55,55,Arrondissement Gorinchem,['batfra_18']
56,56,Arrondissement Groningen,['batfra_11']
57,57,Arrondissement Haarlem,['batfra_28']
58,58,Arrondissement Heerenveen,['batfra_21']
59,59,Arrondissement Hoorn,['batfra_22']
60,60,Arrondissement Jever,['batfra_10']
61,61,Arrondissement Leeuwarden,['batfra_19']
62,62,Arrondissement Leiden,['batfra_16']
63,63,Arrondissement Meppel,['batfra_385']
64,64,Arrondissement Middelburg,['batfra_384']
65,65,Arrondissement Nijmegen,['batfra_5']
66,66,Arrondissement Rotterdam,['batfra_8']
67,67,Arrondissement Sneek,['batfra_29']
68,68,Arrondissement Tiel,['batfra_13']
69,69,Arrondissement Utrecht,['batfra_27']
70,70,Arrondissement Winschoten,['batfra_30']
71,71,Arrondissement Zierikzee,['batfra_4']
72,72,Arrondissement Zutphen,['batfra_6']
73,73,Arrondissement Zwolle,['batfra_9']
74,74,Assen,"['batfra_405', 'negentiende_eeuw_7']"
75,75,Atrecht,['republiek_78']
76,76,Axel,['negentiende_eeuw_110']
77,77,Baarderadeel,"['batfra_167', 'batfra_170', 'negentiende_eeuw_160', 'divperioden_14', 'republiek_friezen_14']"
78,78,Baarn,['negentiende_eeuw_82']
79,79,Banne Oostzaan,['batfra_457']
80,80,Banne Westzaan,['batfra_456']
81,81,Bannerheren van Gelderland,['republiek_58']
82,82,Barneveld,['batfra_268']
83,83,Barradeel,"['batfra_174', 'negentiende_eeuw_161', 'divperioden_16', 'republiek_friezen_16']"
84,84,Beemster,['batfra_478']
85,85,Beilen,['batfra_408']
86,86,Bergen (L.),['negentiende_eeuw_210']
87,87,Bergen op Zoom,['negentiende_eeuw_8']
88,88,Bergum,['negentiende_eeuw_194']
89,89,Beringen,['negentiende_eeuw_212']
90,90,Beverwijk,['negentiende_eeuw_117']
91,91,Bilzen,['negentiende_eeuw_214']
92,92,Blokker,['negentiende_eeuw_118']
93,93,Blokzijl,['batfra_208']
94,94,Bodegraven,['negentiende_eeuw_119']
95,95,Bolsward,"['batfra_394', 'negentiende_eeuw_162', 'divperioden_32', 'republiek_friezen_32']"
96,96,Borger,['batfra_428']
97,97,Borgloon,['negentiende_eeuw_213']
98,98,Borne,['batfra_209']
99,99,Boxmeer,['negentiende_eeuw_9']
100,100,Breda,"['negentiende_eeuw_10', 'republiek_98']"
101,101,Bree,['negentiende_eeuw_215']
102,102,Breukelen,['negentiende_eeuw_86']
103,103,Brielle,['negentiende_eeuw_11']
104,104,Brigdamme,['me_3']
105,105,Broek in Waterland,['negentiende_eeuw_120']
106,106,Broek op Langedijk,['negentiende_eeuw_121']
107,107,Brugge,['republiek_77']
108,108,Brummen,['batfra_279']
109,109,Brussel,['republiek_75']
110,110,Brustem,['negentiende_eeuw_216']
111,111,Béthune,['republiek_91']
112,112,Coevorden,"['batfra_438', 'negentiende_eeuw_67']"
113,113,Colmschate,['batfra_210']
114,114,Culemborg,['negentiende_eeuw_225']
115,115,Dalen,['batfra_437']
116,116,Dalfsen,"['batfra_211', 'negentiende_eeuw_91']"
117,117,Dantumadeel,"['batfra_389', 'negentiende_eeuw_163', 'divperioden_4', 'republiek_friezen_4']"
118,118,De Rijp,['negentiende_eeuw_122']
119,119,De Wijk,['batfra_440']
120,120,Delden,['negentiende_eeuw_87']
121,121,Delfland,['batfra_484']
122,122,Delfshaven,"['batfra_481', 'negentiende_eeuw_123']"
123,123,Delft,"['batfra_454', 'negentiende_eeuw_12', 'me_7', 'republiek_4']"
124,124,Den Briel,"['batfra_466', 'republiek_12']"
125,125,Den Helder,['negentiende_eeuw_124']
126,126,Derde Departement - 's-Heerenberg,['batfra_315']
127,127,Derde Departement - Etten,['batfra_318']
128,128,Derde Departement - Netterden,['batfra_317']
129,129,Derde Departement - Stokkum,['batfra_316']
130,130,Derde Departement - Zeddam,['batfra_314']
131,131,Deventer,"['batfra_214', 'negentiende_eeuw_15', 'republiek_28']"
132,132,Diever,['batfra_425']
133,133,District Alkmaar,['batfra_139']
134,134,District Almelo,['batfra_73']
135,135,District Amersfoort,['batfra_133']
136,136,District Amstelveen,['batfra_136']
137,137,District Amsterdam XIV,['batfra_95']
138,138,District Amsterdam-I,['batfra_33']
139,139,District Amsterdam-II,['batfra_34']
140,140,District Amsterdam-III,['batfra_35']
141,141,District Amsterdam-IV,['batfra_36']
142,142,District Amsterdam-IX,['batfra_41']
143,143,District Amsterdam-V,['batfra_37']
144,144,District Amsterdam-VI,['batfra_38']
145,145,District Amsterdam-VII,['batfra_39']
146,146,District Amsterdam-VIII,['batfra_40']
147,147,District Amsterdam-X,['batfra_42']
148,148,District Amsterdam-XI,['batfra_43']
149,149,District Amsterdam-XII,['batfra_44']
150,150,District Amsterdam-XIII,['batfra_45']
151,151,District Amsterdam-XIV,['batfra_198']
152,152,District Appingedam,['batfra_74']
153,153,District Arnhem,['batfra_107']
154,154,District Assen,['batfra_149']
155,155,District Balk,['batfra_32']
156,156,District Barneveld,['batfra_109']
157,157,District Bergen op Zoom,['batfra_161']
158,158,District Berlikum,['batfra_68']
159,159,District Beverwijk,['batfra_117']
160,160,District Bodegraven,['batfra_150']
161,161,District Breda,['batfra_79']
162,162,District Bredevoort,['batfra_90']
163,163,District Brielle,['batfra_53']
164,164,District Buren-Culemborg,['batfra_114']
165,165,District Delft,['batfra_66']
166,166,District Den Bosch,['batfra_96']
167,167,District Den Haag-I,['batfra_92']
168,168,District Den Haag-II,['batfra_93']
169,169,District Den Haag-III,['batfra_94']
170,170,District Den Haag-III/Leidschendam,['batfra_205']
171,171,District Den Helder,['batfra_112']
172,172,District Deventer,['batfra_89']
173,173,District Doesburg,['batfra_62']
174,174,District Doetinchem,['batfra_101']
175,175,District Dokkum,['batfra_52']
176,176,District Dordrecht,['batfra_81']
177,177,District Drachten,['batfra_59']
178,178,District Druten,['batfra_147']
179,179,District Eindhoven,['batfra_129']
180,180,District Elst,['batfra_63']
181,181,District Enkhuizen,['batfra_71']
182,182,District Etten,['batfra_111']
183,183,District Ferwerd,['batfra_31']
184,184,District Fivelgo,['batfra_164']
185,185,District Geertruidenberg,['batfra_143']
186,186,District Goes,['batfra_199']
187,187,District Goor,['batfra_55']
188,188,District Gorinchem,['batfra_88']
189,189,District Gouda,['batfra_70']
190,190,District Grave,['batfra_102']
191,191,District Groenlo,['batfra_162']
192,192,District Groningen-I,['batfra_64']
193,193,District Groningen-II,['batfra_65']
194,194,District Haarlem,['batfra_194']
195,195,District Haarlem-I,['batfra_82']
196,196,District Haarlem-II,['batfra_83']
197,197,District Harderwijk,['batfra_87']
198,198,District Harlingen,['batfra_49']
199,199,District Hattem,['batfra_135']
200,200,District Hazerswoude,['batfra_156']
201,201,District Helmond,['batfra_119']
202,202,District Hengelo,['batfra_108']
203,203,District Heusden,['batfra_153']
204,204,District Hoorn,['batfra_113']
205,205,District Hunsingo,['batfra_163']
206,206,District Kampen,['batfra_60']
207,207,District Kortgene,['batfra_61']
208,208,District Leende,['batfra_128']
209,209,District Leeuwarden,['batfra_51']
210,210,District Leeuwarderadeel,['batfra_50']
211,211,District Leiden-I,['batfra_122']
212,212,District Leiden-II,['batfra_123']
213,213,District Leidschendam,['batfra_155']
214,214,District Lochem,['batfra_75']
215,215,District Medemblik,['batfra_80']
216,216,District Meppel,['batfra_141']
217,217,District Middelburg,['batfra_197']
218,218,District Middelburg-A,['batfra_54']
219,219,District Middelburg-B,['batfra_56']
220,220,District Middelburg-II/Vlissingen,['batfra_202']
221,221,District Middelharnis,['batfra_132']
222,222,District Montfoort,['batfra_84']
223,223,District Nieuwerkerk,['batfra_130']
224,224,District Nieuwersluis,['batfra_115']
225,225,District Nijmegen,['batfra_105']
226,226,District Noordwijk,['batfra_145']
227,227,District Oirschot,['batfra_77']
228,228,District Oisterwijk,['batfra_110']
229,229,District Oldenzaal,['batfra_142']
230,230,District Ommen,['batfra_106']
231,231,District Onderdendam,['batfra_48']
232,232,District Oost-Zaandam,['batfra_144']
233,233,District Oosterwierum,['batfra_116']
234,234,District Oss,['batfra_160']
235,235,District Polanen,['batfra_69']
236,236,District Purmerend,['batfra_158']
237,237,District Raalte,['batfra_125']
238,238,District Ridderkerk,['batfra_137']
239,239,District Rotterdam-I,['batfra_72']
240,240,District Rotterdam-II,['batfra_103']
241,241,District Rotterdam-III,['batfra_104']
242,242,District Rotterdam-IV,['batfra_124']
243,243,District Scheemda,['batfra_204']
244,244,District Scheemda-Veendam,['batfra_157']
245,245,District Schiedam,['batfra_151']
246,246,District Schoonhoven,['batfra_86']
247,247,District Sliedrecht,['batfra_200']
248,248,District Sliedrecht-Geertruidenberg,['batfra_76']
249,249,District Sneek,['batfra_85']
250,250,District Soestdijk,['batfra_46']
251,251,District Steenbergen-Bergen op Zoom,['batfra_99']
252,252,District Strijen,['batfra_154']
253,253,District Tiel,['batfra_146']
254,254,District Tilburg,"['batfra_58', 'batfra_100']"
255,255,District Utrecht-I,['batfra_120']
256,256,District Utrecht-II,['batfra_121']
257,257,District Veendam,['batfra_148']
258,258,District Veghel,['batfra_118']
259,259,District Vlaardingen,['batfra_127']
260,260,District Vollenhove,['batfra_159']
261,261,District Vries,['batfra_91']
262,262,District Wateringen,['batfra_152']
263,263,District Weesp,['batfra_97']
264,264,District West-Zaandam,['batfra_140']
265,265,District Westerkwartier,['batfra_166']
266,266,District Winschoten,['batfra_138']
267,267,District Wolvega,['batfra_126']
268,268,District Zaltbommel,['batfra_78']
269,269,District Zeist,['batfra_47']
270,270,District Zierikzee,['batfra_98']
271,271,District Zuidhorn,['batfra_57']
272,272,District Zutphen,['batfra_131']
273,273,District Zweelo,['batfra_134']
274,274,District Zwolle,['batfra_67']
275,275,Doesburg,"['batfra_295', 'negentiende_eeuw_226', 'republiek_43']"
276,276,Doesburg (plattelandsdistrict),['negentiende_eeuw_234']
277,277,Doetinchem,"['batfra_296', 'negentiende_eeuw_16', 'republiek_49']"
278,278,Dokkum,"['batfra_395', 'negentiende_eeuw_17', 'divperioden_35', 'republiek_friezen_35']"
279,279,Doniawerstal,"['batfra_391', 'negentiende_eeuw_164', 'divperioden_26', 'republiek_friezen_26']"
280,280,Doornik,['republiek_71']
281,281,Doornspijk,['batfra_272']
282,282,Doorwerth,['batfra_285']
283,283,Dordrecht,"['batfra_463', 'negentiende_eeuw_18', 'me_12', 'republiek_2']"
284,284,Dorpen rond Bussum,['batfra_497']
285,285,Dorpen rond Castricum,['batfra_476']
286,286,Dorpen rond Haarlem,['batfra_477']
287,287,Dorpen rond Hillegom,['batfra_474']
288,288,Dorpen rond Ouder- en Nieuweramstel,['batfra_499']
289,289,Dorpen rond Raamsdonk,['batfra_492']
290,290,Dorpen rond Zevenbergen,['batfra_491']
291,291,Douai,['republiek_81']
292,292,Dronrijp,['negentiende_eeuw_195']
293,293,Dwingeloo,['batfra_409']
294,294,Echt,['negentiende_eeuw_205']
295,295,Edam,"['batfra_461', 'negentiende_eeuw_19', 'republiek_16']"
296,296,Ede,"['batfra_267', 'negentiende_eeuw_242']"
297,297,Eelde,['batfra_411']
298,298,Eerste Departement - Angerlo,['batfra_302']
299,299,Eerste Departement - Bahr en Latum,['batfra_303']
300,300,Eerste Departement - Beek,['batfra_300']
301,301,Eerste Departement - Didam,['batfra_301']
302,302,Eerste Departement - Drempt,['batfra_305']
303,303,Eerste Departement - Hoog- en Laag-Keppel,['batfra_306']
304,304,Eerste Departement - Westervoort,['batfra_304']
305,305,Eerste Edele van Zeeland,['republiek_27']
306,306,Eijsden,['negentiende_eeuw_217']
307,307,Eindhoven,['negentiende_eeuw_20']
308,308,Elburg,"['batfra_265', 'negentiende_eeuw_227', 'republiek_55']"
309,309,Elst,['negentiende_eeuw_21']
310,310,Emmen,['batfra_422']
311,311,Engwirden,['divperioden_27']
312,312,Enkhuizen,"['batfra_452', 'negentiende_eeuw_142', 'republiek_15']"
313,313,Enschede,['negentiende_eeuw_22']
314,314,Epe,['batfra_275']
315,315,Ermelo,['batfra_271']
316,316,Ferwerderadeel,"['batfra_184', 'negentiende_eeuw_165', 'divperioden_7', 'republiek_friezen_7']"
317,317,Franeker,"['batfra_398', 'negentiende_eeuw_23', 'divperioden_33', 'republiek_friezen_33']"
318,318,Franekeradeel,"['batfra_178', 'negentiende_eeuw_166', 'divperioden_15', 'republiek_friezen_15']"
319,319,Gaasterland,"['negentiende_eeuw_167', 'divperioden_30', 'republiek_friezen_30']"
320,320,Gaasterland-Sloten,['batfra_183']
321,321,Gasselte,"['batfra_432', 'negentiende_eeuw_73']"
322,322,Gasselternijveen,['batfra_406']
323,323,Geertruidenberg,"['batfra_488', 'negentiende_eeuw_107']"
324,324,Geervliet,['negentiende_eeuw_125']
325,325,Geestelijkheid van Artois,['republiek_61']
326,326,Geestelijkheid van Brabant,['republiek_56']
327,327,Geestelijkheid van Henegouwen,['republiek_63']
328,328,Geestelijkheid van Namen,['republiek_69']
329,329,Geestelijkheid van Utrecht,['republiek_96']
330,330,Geestelijkheid van Vlaanderen,['republiek_59']
331,331,Geestelijkheid van Waals-Vlaanderen,['republiek_67']
332,332,Geldermalsen,['negentiende_eeuw_243']
333,333,Gemert/Asten,['negentiende_eeuw_99']
334,334,Gent,['republiek_86']
335,335,Geëligeerden van Utrecht,['republiek_32']
336,336,Gieten,['batfra_433']
337,337,Giethoorn,['batfra_220']
338,338,Ginneken,['negentiende_eeuw_103']
339,339,Goes,"['batfra_359', 'negentiende_eeuw_24', 'republiek_22']"
340,340,Goor,['batfra_221']
341,341,Gorinchem,"['batfra_459', 'negentiende_eeuw_25', 'me_11', 'republiek_9']"
342,342,Gouda,"['batfra_446', 'negentiende_eeuw_26', 'me_9', 'republiek_7']"
343,343,Grafhorst,['batfra_222']
344,344,Gramsbergen,['batfra_223']
345,345,Grave,['negentiende_eeuw_27']
346,346,Grave en het Land van Cuijk,['batfra_372']
347,347,Groenlo,"['batfra_298', 'negentiende_eeuw_228', 'republiek_44']"
348,348,Groenlo (plattelandsdistrict),['negentiende_eeuw_235']
349,349,Groningen,"['batfra_393', 'negentiende_eeuw_28', 'republiek_99']"
350,350,Gronsveld,['negentiende_eeuw_199']
351,351,Gulpen,['negentiende_eeuw_200']
352,352,Haaksbergen,['batfra_224']
353,353,Haarlem,"['batfra_468', 'negentiende_eeuw_29', 'me_15', 'republiek_3']"
354,354,Haastrecht,['negentiende_eeuw_126']
355,355,Harderwijk,"['batfra_264', 'negentiende_eeuw_30', 'republiek_47']"
356,356,Harlingen,"['batfra_399', 'negentiende_eeuw_168', 'divperioden_36', 'republiek_friezen_36']"
357,357,Harmelen,['negentiende_eeuw_81']
358,358,Haskerland,"['batfra_189', 'negentiende_eeuw_169', 'divperioden_23', 'republiek_friezen_23']"
359,359,Hasselt,['negentiende_eeuw_90']
360,360,Hattem,"['batfra_266', 'negentiende_eeuw_229', 'republiek_50']"
361,361,Havelte,"['batfra_429', 'negentiende_eeuw_71']"
362,362,Heerde,['batfra_274']
363,363,Heerde/Barneveld [Elspeet],['negentiende_eeuw_236']
364,364,Heerenveen,"['batfra_445', 'negentiende_eeuw_31']"
365,365,Heerlen,['negentiende_eeuw_32']
366,366,Heijthuizen,['negentiende_eeuw_207']
367,367,Heiloo,['negentiende_eeuw_127']
368,368,Heino,['batfra_229']
369,369,Hellendoorn,['batfra_230']
370,370,Hellevoetsluis,['negentiende_eeuw_128']
371,371,Helmond,['negentiende_eeuw_33']
372,372,Hemelumer Oldeferd,"['batfra_181', 'divperioden_20', 'republiek_friezen_20']"
373,373,"Hemelumer, Oldephert en Noordwolde",['negentiende_eeuw_170']
374,374,Hennaarderadeel,"['batfra_182', 'negentiende_eeuw_171', 'divperioden_12', 'republiek_friezen_12']"
375,375,Herk-de-stad,['negentiende_eeuw_218']
376,376,Het Bildt,"['batfra_187', 'negentiende_eeuw_196', 'divperioden_18', 'republiek_friezen_18']"
377,377,Het Doornikse,['republiek_94']
378,378,Het Vrije,['republiek_88']
379,379,Heusden,"['batfra_472', 'negentiende_eeuw_34']"
380,380,Hilvarenbeek,['negentiende_eeuw_98']
381,381,Hindeloopen,"['batfra_444', 'divperioden_41', 'republiek_friezen_41']"
382,382,Hindelopen,['negentiende_eeuw_172']
383,383,Hoeksewaard,['batfra_486']
384,384,Hoevelaken,['batfra_283']
385,385,Hoge en Lage Zwaluwe,['batfra_493']
386,386,Holten en Bathmen,['batfra_231']
387,387,Hoogeveen,"['batfra_423', 'negentiende_eeuw_35']"
388,388,Hoogezand,['negentiende_eeuw_75']
389,389,Hoorn,"['batfra_455', 'negentiende_eeuw_36', 'republiek_14']"
390,390,Horst,['negentiende_eeuw_209']
391,391,Hulst,['negentiende_eeuw_111']
392,392,IJlst,"['batfra_396', 'negentiende_eeuw_192', 'divperioden_40', 'republiek_friezen_40']"
393,393,"IJsselham, Oldemarkt en Paasloo",['batfra_253']
394,394,IJsselmuiden,['batfra_254']
395,395,IJsselstein,['negentiende_eeuw_37']
396,396,Idaarderadeel,"['batfra_177', 'negentiende_eeuw_173', 'divperioden_1', 'republiek_friezen_1']"
397,397,Ieper,['republiek_87']
398,398,Kampen,"['batfra_232', 'negentiende_eeuw_38', 'republiek_29']"
399,399,Kamperveen,['batfra_233']
400,400,Kessel,['negentiende_eeuw_208']
401,401,Koekange,['batfra_442']
402,402,Kolderveen,['batfra_426']
403,403,Kollumerland,"['batfra_190', 'divperioden_11', 'republiek_friezen_11']"
404,404,Kollumerland en Nieuw Kruisland,['negentiende_eeuw_174']
405,405,Koninksem,['negentiende_eeuw_219']
406,406,Kortrijk,['republiek_89']
407,407,Krimpenerwaard,"['batfra_483', 'batfra_489']"
408,408,Kuinre en Blankenham,['batfra_236']
409,409,Kwartier Arnhem,['batfra_346']
410,410,Kwartier I Leiden,['batfra_376']
411,411,Kwartier II Hoorn,['batfra_380']
412,412,Kwartier II Rotterdam,['batfra_377']
413,413,Kwartier III Dordrecht,['batfra_378']
414,414,Kwartier IV Goeree en Overflakkee,['batfra_379']
415,415,Kwartier Kempenland,['batfra_370']
416,416,Kwartier Maasland,['batfra_368']
417,417,Kwartier Nijmegen,['batfra_348']
418,418,Kwartier Oisterwijk,['batfra_375']
419,419,Kwartier Peelland,['batfra_369']
420,420,Kwartier Zutphen,['batfra_347']
421,421,Kwartier van 's-Hertogenbosch,['batfra_382']
422,422,Kwartier van Breda,['batfra_381']
423,423,Kwartier van Eindhoven,['batfra_383']
424,424,Kwartier van Nijmegen,['batfra_343']
425,425,Kwartier van Zutphen,['batfra_344']
426,426,Kwartier van de Veluwe,['batfra_345']
427,427,Landgericht Almelo,['batfra_207']
428,428,Landgericht Delden,['batfra_213']
429,429,Landgericht Diepenheim,['batfra_259']
430,430,Landgericht Enschede,['batfra_217']
431,431,Landgericht Kedingen,['batfra_234']
432,432,Landgericht Oldenzaal,['batfra_238']
433,433,Landgericht Ootmarsum,['batfra_260']
434,434,Leerdam,['batfra_487']
435,435,Leeuwarden,"['batfra_397', 'negentiende_eeuw_39', 'divperioden_31', 'republiek_26', 'republiek_friezen_31']"
436,436,Leeuwarderadeel,"['batfra_175', 'negentiende_eeuw_175', 'divperioden_5', 'republiek_friezen_5']"
437,437,Leiden,"['batfra_480', 'negentiende_eeuw_40', 'me_16', 'republiek_5']"
438,438,Leiderdorp,['negentiende_eeuw_41']
439,439,Leidschendam,['negentiende_eeuw_129']
440,440,Leimuiden,['batfra_467']
441,441,Lemsterland,"['batfra_179', 'negentiende_eeuw_176', 'divperioden_21', 'republiek_friezen_21']"
442,442,Leuven,['republiek_74']
443,443,Lille,['republiek_80']
444,444,Lochem,"['batfra_297', 'negentiende_eeuw_230', 'republiek_53']"
445,445,Maarsen,['negentiende_eeuw_79']
446,446,Maaseik,['negentiende_eeuw_222']
447,447,Maassluis,"['batfra_470', 'negentiende_eeuw_143']"
448,448,Maastricht,['negentiende_eeuw_42']
449,449,Markelo,"['batfra_235', 'negentiende_eeuw_92']"
450,450,Mechelen,"['negentiende_eeuw_220', 'republiek_72']"
451,451,Medemblik,"['batfra_462', 'negentiende_eeuw_144', 'republiek_18']"
452,452,Meerkerk,['negentiende_eeuw_130']
453,453,Meerssen,['negentiende_eeuw_201']
454,454,Menaldumadeel,"['batfra_172', 'negentiende_eeuw_177', 'divperioden_19', 'republiek_friezen_19']"
455,455,Meppel,"['batfra_431', 'negentiende_eeuw_68']"
456,456,Middelburg,"['batfra_357', 'negentiende_eeuw_43', 'me_1', 'republiek_20']"
457,457,Middelharnis,['negentiende_eeuw_154']
458,458,Monnickendam,"['batfra_448', 'negentiende_eeuw_145', 'republiek_17']"
459,459,Mons/Bergen (Henegouwen),['republiek_79']
460,460,Montfoort,"['negentiende_eeuw_83', 'republiek_35']"
461,461,Muiden,['negentiende_eeuw_151']
462,462,Naaldwijk,['negentiende_eeuw_152']
463,463,Naarden,['negentiende_eeuw_131']
464,464,Naarden en Gooiland,['batfra_469']
465,465,Namen,['republiek_93']
466,466,Nieuwer-Amstel,['negentiende_eeuw_153']
467,467,Nijbroek,['batfra_276']
468,468,Nijeveen,['batfra_419']
469,469,Nijkerk,"['batfra_269', 'negentiende_eeuw_231']"
470,470,Nijmegen,"['batfra_286', 'negentiende_eeuw_44', 'republiek_42']"
471,471,Nijmegen/Druten [Druten],['negentiende_eeuw_237']
472,472,Noord- en Zuid-Beveland,['batfra_387']
473,473,Noord-Beveland en Wolphaartsdijk,['batfra_367']
474,474,Noordwijk,['negentiende_eeuw_132']
475,475,Norg,['batfra_434']
476,476,Odoorn,['batfra_439']
477,477,Oegstgeest,['negentiende_eeuw_133']
478,478,Oirsbeek,['negentiende_eeuw_203']
479,479,Oirschot/Boxtel,['negentiende_eeuw_97']
480,480,Oisterwijk,['negentiende_eeuw_100']
481,481,Oldebroek,"['batfra_273', 'negentiende_eeuw_244']"
482,482,Oldenzaal,['negentiende_eeuw_93']
483,483,Olst,['batfra_239']
484,484,Ommen,['negentiende_eeuw_88']
485,485,Onderdendam,['negentiende_eeuw_45']
486,486,Oost-Friesland,['batfra_201']
487,487,Oost-Stellingwerf,['divperioden_24']
488,488,Oostdongeradeel,"['batfra_176', 'negentiende_eeuw_178', 'divperioden_2', 'republiek_friezen_2']"
489,489,Oosterhesselen,['batfra_410']
490,490,Oosterhout,['negentiende_eeuw_108']
491,491,Ooststellingwerf,"['batfra_390', 'republiek_friezen_24']"
492,492,Oostzaan,['batfra_471']
493,493,Opper Gelder/Overmaze,['negentiende_eeuw_106']
494,494,Opsterland,"['batfra_169', 'negentiende_eeuw_179', 'divperioden_29', 'republiek_friezen_29']"
495,495,Orchies,['republiek_82']
496,496,Oud-Beijerland,['negentiende_eeuw_134']
497,497,Oude Pekela,['negentiende_eeuw_76']
498,498,Oudenbosch,['negentiende_eeuw_104']
499,499,Oudewater,['batfra_495']
500,500,Overschie,['batfra_498']
501,501,Peize,['batfra_404']
502,502,"Pesse, Echten en Ansen",['batfra_416']
503,503,Pijnacker,['negentiende_eeuw_135']
504,504,Purmerend,"['batfra_453', 'negentiende_eeuw_146', 'republiek_19']"
505,505,Putten,"['batfra_270', 'negentiende_eeuw_245']"
506,506,Quatre seigneurs hauts justiciers van Waals-Vlaanderen,['republiek_66']
507,507,Raalte,"['batfra_243', 'negentiende_eeuw_89']"
508,508,Rauwerdehem,['negentiende_eeuw_180']
509,509,Rauwerderhem,"['batfra_193', 'divperioden_9', 'republiek_friezen_9']"
510,510,Ravenstein/Oss,['negentiende_eeuw_95']
511,511,Renkum,['batfra_281']
512,512,Rheden,['batfra_280']
513,513,Rhenen,"['negentiende_eeuw_84', 'republiek_38']"
514,514,Ridderkerk,['negentiende_eeuw_46']
515,515,Ridderschap van Holland,"['divperioden_42', 'republiek_1', 'republiek_friezen_42']"
516,516,Ridderschap van Overijssel,['republiek_31']
517,517,Ridderschap van Utrecht,['republiek_33']
518,518,Ridderschap van het Kwartier Arnhem,['republiek_85']
519,519,Ridderschap van het Kwartier Nijmegen,['republiek_39']
520,520,Ridderschap van het Kwartier Roermond,['republiek_84']
521,521,Ridderschap van het Kwartier Veluwe,['republiek_41']
522,522,Ridderschap van het Kwartier Zutphen,['republiek_40']
523,523,Rijk van Nijmegen,['batfra_287']
524,524,Rijnland,['batfra_473']
525,525,Rijssen,['batfra_244']
526,526,Ring van Amersfoort,['batfra_352']
527,527,Ring van Arnhem,['batfra_353']
528,528,Ring van Doesburg,['batfra_354']
529,529,Ring van Gorinchem,['batfra_349']
530,530,Ring van Tiel,"['batfra_350', 'batfra_356']"
531,531,Ring van Utrecht,['batfra_351']
532,532,Ring van Zutphen,['batfra_355']
533,533,Roden,"['batfra_427', 'batfra_436']"
534,534,Roermond,"['negentiende_eeuw_47', 'republiek_83']"
535,535,Rolde,['batfra_421']
536,536,Roosendaal,['negentiende_eeuw_105']
537,537,Rosendaal (Geld.),['batfra_284']
538,538,Roswinkel,['batfra_417']
539,539,Rotterdam,"['batfra_450', 'negentiende_eeuw_48', 'me_14', 'republiek_8']"
540,540,Ruinen,"['batfra_413', 'negentiende_eeuw_70']"
541,541,Ruinerwold,['batfra_435']
542,542,Ruurlo,['negentiende_eeuw_49']
543,543,Saint Omer,['republiek_90']
544,544,Schagen,"['batfra_496', 'negentiende_eeuw_136']"
545,545,Schermer,['batfra_475']
546,546,Schermerhorn,['negentiende_eeuw_137']
547,547,Scherpenzeel,['batfra_282']
548,548,Schiedam,"['batfra_447', 'negentiende_eeuw_50', 'me_13', 'republiek_10']"
549,549,Schieland,['batfra_490']
550,550,Schiermonnikoog,['negentiende_eeuw_197']
551,551,Schoonebeek,['batfra_418']
552,552,Schoonhoven,"['batfra_449', 'negentiende_eeuw_147', 'republiek_11']"
553,553,Schoterland,"['batfra_180', 'negentiende_eeuw_181', 'divperioden_28', 'republiek_friezen_28']"
554,554,Schoutambt Genemuiden,['batfra_219']
555,555,Schoutambt Hardenberg,['batfra_226']
556,556,Schoutambt Nieuwesluis en Hasselerkerspel,['batfra_228']
557,557,Schoutambt Ommen en Den Ham,['batfra_241']
558,558,Schoutambt Steenwijk en Steenwijkerkerspelen,['batfra_247']
559,559,Schoutambt Vollenhove,['batfra_249']
560,560,Schoutambt Zwolle,['batfra_258']
561,561,Schouwen (eiland),['batfra_386']
562,562,Schouwen-Duiveland en Sommelsdijk,['batfra_364']
563,563,Sint Truiden,['negentiende_eeuw_223']
564,564,Sittard,['negentiende_eeuw_51']
565,565,Sleen,['batfra_424']
566,566,Sliedrecht,['negentiende_eeuw_155']
567,567,Sloten,"['negentiende_eeuw_182', 'divperioden_38', 'republiek_friezen_38']"
568,568,Sloterdijk,['negentiende_eeuw_138']
569,569,Sluis,['negentiende_eeuw_52']
570,570,Smallingerland,"['batfra_171', 'negentiende_eeuw_183', 'divperioden_6', 'republiek_friezen_6']"
571,571,Smilde,['batfra_441']
572,572,Sneek,"['batfra_401', 'negentiende_eeuw_53', 'divperioden_34', 'republiek_friezen_34']"
573,573,Sommelsdijk,"['negentiende_eeuw_139', 'me_4']"
574,574,St Maartensdijk,['me_6']
575,575,St. Oedenrode,['negentiende_eeuw_96']
576,576,Stad Almelo,['batfra_206']
577,577,Stad Delden,['batfra_212']
578,578,Stad Diepenheim,['batfra_215']
579,579,Stad Enschede,['batfra_216']
580,580,Stad Genemuiden,['batfra_218']
581,581,Stad Groningen,['batfra_165']
582,582,Stad Hardenberg,['batfra_225']
583,583,Stad Hasselt,['batfra_227']
584,584,Stad Oldenzaal,['batfra_237']
585,585,Stad Ommen,['batfra_240']
586,586,Stad Ootmarsum,['batfra_242']
587,587,Stad Steenwijk,['batfra_246']
588,588,Stad Vollenhove,['batfra_248']
589,589,Stad Zwolle,['batfra_257']
590,590,Stad en Land van Breda,['batfra_371']
591,591,"Staphorst, Rouveen en IJhorst",['batfra_245']
592,592,Stavoren,"['batfra_392', 'negentiende_eeuw_184', 'divperioden_37', 'republiek_friezen_37']"
593,593,Steden en Landen van Bergen op Zoom en Steenbergen,['batfra_373']
594,594,Steenwijk,['negentiende_eeuw_54']
595,595,Stellingwerf Oosteinde,['negentiende_eeuw_185']
596,596,Stellingwerf Westeinde,['negentiende_eeuw_186']
597,597,Stompwijk,['negentiende_eeuw_140']
598,598,Strijen,['negentiende_eeuw_141']
599,599,Susteren,['negentiende_eeuw_204']
600,600,Terschelling,['batfra_501']
601,601,Texel,['batfra_482']
602,602,Tholen,"['batfra_360', 'negentiende_eeuw_112', 'republiek_23']"
603,603,Tholen en Sint Philipsland,['batfra_366']
604,604,Thorn,['negentiende_eeuw_206']
605,605,Tiel,"['batfra_292', 'negentiende_eeuw_55', 'republiek_48']"
606,606,Tiel/Elst,['negentiende_eeuw_238']
607,607,Tietjerksteradeel,"['batfra_168', 'negentiende_eeuw_187', 'divperioden_10', 'republiek_friezen_10']"
608,608,Tilburg,['negentiende_eeuw_56']
609,609,Tongeren,['negentiende_eeuw_224']
610,610,Tweede Departement - Almen,['batfra_312']
611,611,Tweede Departement - Bronkhorst,['batfra_308']
612,612,Tweede Departement - Gorssel,['batfra_313']
613,613,Tweede Departement - Hummelo,['batfra_309']
614,614,Tweede Departement - Steenderen,['batfra_307']
615,615,Tweede Departement - Vorden,['batfra_310']
616,616,Tweede Departement - Warnsveld en Wichmond,['batfra_311']
617,617,Utingeradeel,"['batfra_196', 'negentiende_eeuw_188', 'divperioden_22', 'republiek_friezen_22']"
618,618,Utrecht,"['negentiende_eeuw_57', 'republiek_34']"
619,619,Valenciennes,['republiek_65']
620,620,Valkenburg,['negentiende_eeuw_202']
621,621,Veere,"['batfra_362', 'negentiende_eeuw_113', 'republiek_25']"
622,622,Venlo,"['negentiende_eeuw_58', 'republiek_97']"
623,623,Vierde Departement - Lichtenvoorde,['batfra_323']
624,624,Vierde Departement - Ligtenberg,['batfra_322']
625,625,Vierde Departement - Silvolde,['batfra_321']
626,626,Vierde Departement - Terborg,['batfra_319']
627,627,Vierde Departement - Varsseveld,['batfra_320']
628,628,Vijfde Departement - Hengelo,['batfra_327']
629,629,Vijfde Departement - Richterambt Doetinchem,['batfra_324']
630,630,Vijfde Departement - Roderlo,['batfra_326']
631,631,Vijfde Departement - Zelhem,['batfra_325']
632,632,Vlaardingen,"['batfra_465', 'negentiende_eeuw_148']"
633,633,Vledder,['batfra_415']
634,634,Vlissingen,"['batfra_361', 'negentiende_eeuw_114', 'republiek_24']"
635,635,Voorne-Putten,['batfra_500']
636,636,Voorst,"['batfra_278', 'negentiende_eeuw_246']"
637,637,Vries,"['batfra_403', 'negentiende_eeuw_72']"
638,638,Vriezenveen,['batfra_250']
639,639,Waalwijk,['negentiende_eeuw_101']
640,640,Wageningen,"['batfra_263', 'negentiende_eeuw_232', 'republiek_54']"
641,641,Walcheren en Sint Joosland,['batfra_363']
642,642,Wanneperveen en Dinxterveen,['batfra_251']
643,643,Wapserveen,['batfra_414']
644,644,Weert,['negentiende_eeuw_211']
645,645,Weesp,['negentiende_eeuw_149']
646,646,West-Stellingwerf,['divperioden_25']
647,647,Westdongeradeel,"['batfra_191', 'negentiende_eeuw_189', 'divperioden_8', 'republiek_friezen_8']"
648,648,Westerbork,['batfra_443']
649,649,Weststellingwerf,"['batfra_188', 'republiek_friezen_25']"
650,650,Wijhe,['batfra_252']
651,651,Wijk bij Duurstede,"['negentiende_eeuw_85', 'republiek_37']"
652,652,Willemstad,['negentiende_eeuw_109']
653,653,Wilsum,['batfra_261']
654,654,Winschoten,['negentiende_eeuw_59']
655,655,Woerden,['negentiende_eeuw_150']
656,656,Wonseradeel,"['batfra_192', 'negentiende_eeuw_198', 'divperioden_13', 'republiek_friezen_13']"
657,657,Workum,"['batfra_400', 'negentiende_eeuw_190', 'divperioden_39', 'republiek_friezen_39']"
658,658,Wormerveer,['batfra_458']
659,659,Woudrichem,"['batfra_479', 'negentiende_eeuw_102']"
660,660,Wychen,['negentiende_eeuw_247']
661,661,Wymbritseradeel,"['batfra_185', 'negentiende_eeuw_191', 'divperioden_17', 'republiek_friezen_17']"
662,662,Zaandam,['negentiende_eeuw_60']
663,663,Zalk en Veecaten,['batfra_255']
664,664,Zaltbommel,"['batfra_293', 'negentiende_eeuw_61', 'republiek_52']"
665,665,Zaltbommel (plattelandsdistrict),['negentiende_eeuw_239']
666,666,Zeist,['negentiende_eeuw_78']
667,667,Zesde Departement - Aalten,['batfra_329']
668,668,Zesde Departement - Bredevoort,['batfra_328']
669,669,Zesde Departement - Dinxperlo,['batfra_331']
670,670,Zesde Departement - Winterswijk,['batfra_330']
671,671,Zevenaar,['negentiende_eeuw_248']
672,672,Zevenbergen,['negentiende_eeuw_62']
673,673,Zevende Departement - Beltrum,['batfra_333']
674,674,Zevende Departement - Borculo,['batfra_332']
675,675,Zevende Departement - Eibergen,['batfra_334']
676,676,Zevende Departement - Neede,['batfra_335']
677,677,Zevende Departement - Rekken,['batfra_336']
678,678,Zierikzee,"['batfra_358', 'negentiende_eeuw_63', 'me_5', 'republiek_21']"
679,679,Zoetermeer,['negentiende_eeuw_156']
680,680,Zonhoven,['negentiende_eeuw_221']
681,681,Zuid-Beveland,['batfra_365']
682,682,Zuidbroek,['negentiende_eeuw_74']
683,683,Zuidhorn,['negentiende_eeuw_64']
684,684,Zuidlaren,['batfra_402']
685,685,Zuidwolde,['batfra_420']
686,686,Zutphen,"['batfra_299', 'negentiende_eeuw_65', 'republiek_51']"
687,687,Zutphen (plattelandsdistrict),['negentiende_eeuw_240']
688,688,Zwartsluis,"['batfra_256', 'negentiende_eeuw_94']"
689,689,Zweelo,['batfra_407']
690,690,Zweeloo,['negentiende_eeuw_69']
691,691,Zwolle,"['negentiende_eeuw_66', 'republiek_30']"
