	IDRegent	IDBron	deel en paginanummer
0	1	9	59.
1	1	12	IX, 871.
2	2	2	173.
3	2	4	VIII, 296.
4	2	9	65.
5	2	12	IV, 1003.
6	3	4	VIII, 169.
7	3	9	53.
8	3	10	1090.
9	4	2	69.
10	4	4	III, 266.
11	4	7	80 (1997) 25.
12	4	9	83.
13	4	12	VIII, 343.
14	5	12	IX, 1192.
15	6	2	23.
16	6	4	I, 103.
17	6	5	517.
18	6	9	86.
19	6	12	VII, 16.
20	7	2	217.
21	7	8	44 (1951) 307.
22	7	9	90.
23	8	2	57.
24	8	4	III, 11.
25	8	9	66.
26	8	12	V, 79.
27	9	4	X, 87.
28	9	9	90.
29	9	12	IX, 855.
30	9	16	289.
31	10	4	IV, 19.
32	10	12	IV, 496.
33	11	4	VII, 129.
34	11	9	152.
35	11	12	I, 977.
36	12	4	V, 43.
37	12	12	I, 817.
38	13	4	I, 32.
39	13	12	X, 8-9.
40	14	2	157.
41	14	4	VIII, 121.
42	14	9	68.
43	14	12	VIII, 1039.
44	14	15	18.
45	15	2	235.
46	15	9	58.
47	16	4	III, 49.
48	16	9	88.
49	16	12	I, 569.
50	17	8	83 (1993) 271.
51	17	9	53.
52	18	3	no. 4342
53	18	4	II, 320.
54	18	9	153.
55	18	17	390.
56	19	2	116.
57	19	9	76.
58	19	12	VIII, 821.
59	20	2	241.
60	20	5	691.
61	20	12	VII, 1244.
62	23	4	VIII, 2.
63	23	7	1 (1910) 268.
64	23	9	67.
65	23	12	III, 803.
66	23	16	288.
67	24	8	85 (1995) 489.
68	24	9	91.
69	24	12	VIII, 878.
70	24	16	287.
71	25	4	VII, 81.
72	25	9	64.
73	25	12	VII, 480.
74	26	4	bijvoegsel, 56.
75	26	7	82 (1999) 123.
76	26	12	IV, 396.
77	27	8	85 (1995) 34.
78	27	9	66.
79	27	12	I, 1055.
80	29	2	170.
81	29	4	VIII, 273.
82	29	9	145.
83	29	12	IV, 989.
84	30	3	no. 3447
85	30	4	II, 259.
86	30	9	69.
87	30	24	7, 20.
88	31	12	III, 971.
89	32	4	VI, 290.
90	32	8	85 (1995) 320.
91	32	12	VII, 608.
92	32	20	145.
93	33	4	VII, 85.
94	33	9	67.
95	33	10	1815.
96	33	12	I, 1211.
97	34	4	X, 119.
98	34	9	78.
99	34	12	II, 719.
100	35	4	XI, 45.
101	35	8	46 (1953) 49.
102	35	9	63.
103	35	12	III, 1287.
104	35	20	46.
105	36	4	II, 199.
106	36	8	79 (1988) 597.
107	36	9	102.
108	36	12	VIII, 130.
109	38	9	84.
110	38	12	IV, 956.
111	38	23	245.
112	39	2	128.
113	39	4	VI, 452.
114	39	5	445.
115	39	9	150.
116	39	10	898.
117	39	12	VIII, 890.
118	39	18	163.
119	39	19	219.
120	39	20	220.
121	40	7	67 (1983) 424.
122	40	9	84.
123	40	12	II, 1508.
124	41	4	IX. 29.
125	41	7	7 (1916) 286.
126	41	9	98.
127	41	12	V, 357.
128	43	2	42.
129	43	3	no. 0313
130	44	4	VIII, 236.
131	44	12	VIII, 1150.
132	45	16	289.
133	47	8	46 (1953) 558, 569.
134	47	9	58.
135	47	10	1702.
136	47	23	261.
137	47	24	2, 7.
138	48	4	XII, 33.
139	49	7	44 (1958) 291.
140	50	2	189.
141	50	4	IX, 165.
142	1063	5	108.
143	50	9	88.
144	50	12	VIII, 1261.
145	50	15	19.
146	51	4	VI, 257.
147	51	9	142.
148	52	4	VII, 19.
149	52	9	116.
150	52	20	170.
151	53	9	110.
152	54	2	81.
153	54	16	285.
154	55	7	13 (1923) 343.
155	57	4	II, 279.
156	57	16	284.
157	58	9	140.
158	59	2	247.
159	59	4	XI, 80.
160	59	7	6 (1915) 384.
161	59	9	149.
162	59	12	V, 1043.
163	61	16	284.
164	61	19	71.
165	63	4	XII, 148.
166	63	9	152.
167	63	12	IV, 1487.
168	64	7	40 (1954) 209.
169	64	12	X, 489.
170	65	7	68 (1984) 170.
171	66	2	84.
172	66	5	537.
173	66	12	I, 870.
174	67	8	46 (1953), 202.
175	67	12	VII, 1295.
176	68	4	III, 204.
177	68	9	106.
178	68	12	II, 313.
179	69	4	VII, 97.
180	69	12	I, 960.
181	70	2	89.
182	71	10	333.
183	72	10	1227.
184	73	10	1138.
185	73	27	
186	74	10	569.
187	74	27	
188	75	10	436.
189	75	27	
190	76	10	580.
191	76	27	
192	77	27	
193	78	10	1014.
194	78	27	
195	79	10	218.
196	79	27	
197	80	10	398.
198	80	23	207.
199	80	27	
200	81	10	783.
201	81	27	
202	82	10	1183.
203	83	10	1191.
204	83	27	
205	84	10	1449.
206	85	27	
207	86	10	1183.
208	86	27	
209	87	10	200.
210	88	10	1040.
211	89	10	161.
212	89	23	194.
213	89	27	
214	90	10	622.
215	93	10	1443.
216	94	10	1185.
217	95	10	1206.
218	96	4	II, 519.
219	96	8	80 (1989) 578.
220	96	12	X, 166.
221	97	4	XI, 61.
222	97	9	148.
223	97	12	V, 955.
224	98	10	1042.
225	100	10	1043.
226	101	10	894.
227	102	10	75.
228	103	2	208.
229	103	4	X, 106.
230	103	8	44 (1951) 108.
231	103	9	63.
232	103	10	1544.
233	103	12	IV, 1225.
234	103	20	39.
235	103	23	255.
236	105	9	63.
237	106	10	510.
238	107	2	119.
239	107	4	VI, 363.
240	107	12	VIII, 838.
241	108	2	33.
242	108	4	II, 139.
243	108	12	IX, 59.
244	109	4	IX, 86.
245	110	4	X, 108.
246	110	12	IV, 858.
247	111	4	VII, 82.
248	111	8	83 (1993) 312.
249	111	9	74.
250	111	12	VIII, 621.
251	111	20	221.
252	114	3	no. 4340
253	114	4	II, 514.
254	114	20	38.
255	115	9	81.
256	115	12	VII, 1028.
257	115	15	19.
258	116	2	187.
259	116	9	145.
260	116	12	IX, 818.
261	117	19	153.
262	119	3	no. 3010
263	122	4	VIII, 35.
264	122	7	26 (1940) 243.
265	122	12	II, 866.
266	123	4	X, 80.
267	123	7	58 (1972) 238.
268	123	12	V, 676.
269	125	9	141.
270	126	10	635.
271	127	10	1192.
272	128	10	1203.
273	130	10	780.
274	130	23	229.
275	131	10	1167.
276	132	10	869.
277	134	10	765.
278	135	10	580.
279	137	10	1593.
280	137	18	280.
281	138	4	VI, 285.
282	138	7	67 (1983) 153.
283	138	9	150.
284	138	12	IV, 764.
285	138	18	161.
286	139	4	XII, 56 en 153.
287	139	8	46 (1953) 348.
288	139	9	135.
289	139	12	III, 1417.
290	139	18	307.
291	140	10	1321.
292	140	18	241.
293	141	4	XI, 60.
294	141	8	46 (1953) 92.
295	141	10	1715.
296	141	12	IX, 1204.
297	141	18	299.
298	142	2	140.
299	142	4	X, 34.
300	142	9	71.
301	142	12	VIII, 960.
302	142	18	172.
303	143	10	1730.
304	143	18	304.
305	144	10	780.
306	145	10	1012.
307	145	23	236.
308	146	10	583.
309	149	10	1133.
310	150	10	810.
311	153	10	795.
312	159	10	571.
313	162	10	1529.
314	163	10	628.
315	164	10	200.
316	165	10	1091.
317	166	4	I, 8.
318	166	9	99.
319	166	12	IV, 5.
320	174	8	45 (1952) 116.
321	174	12	VII, 1188.
322	175	10	866.
323	176	8	43 (1950) 237.
324	176	12	III, 1066.
325	176	17	412.
326	177	4	VII, 5.
327	178	2	158.
328	179	12	VII, 763.
329	180	4	VIII, 251.
330	180	8	87 (1998) 609.
331	180	9	79.
332	180	12	III, 802.
333	181	2	249.
334	181	5	315.
335	181	8	46 (1953), 186.
336	181	9	83.
337	181	12	IX, 1239.
338	181	20	41.
339	182	2	69.
340	182	5	84.
341	182	9	107.
342	183	2	88.
343	183	19	88.
344	184	2	194.
345	184	9	145.
346	186	4	VII, 112.
347	186	15	17.
348	186	20	430.
349	188	2	256.
350	188	9	135.
351	188	20	277.
352	188	26	361.
353	189	8	88 (1999) 153.
354	197	4	II, 180.
355	197	9	137.
356	197	12	I, 358.
357	198	10	1348.
358	199	10	1435.
359	200	10	730.
360	201	10	194.
361	203	10	1138.
362	207	4	XII, 100.
363	207	9	57.
364	207	10	1752.
365	208	4	XI, 41.
366	208	9	95.
367	208	12	V, 1001.
368	209	4	VII, 53.
369	209	9	77.
370	209	12	IX, 513.
371	221	10	963.
372	221	18	166.
373	222	4	II, 403.
374	222	8	79 (1988) 515.
375	222	9	87.
376	222	12	VII, 211.
377	223	12	VIII 377.
378	224	9	53.
379	230	4	IV, 23.
380	230	6	no. 885
381	230	9	73.
382	230	10	1701.
383	230	12	VIII 364.
384	230	20	313.
385	230	23	261.
386	231	2	186.
387	231	9	69.
388	231	10	1701.
389	231	12	X, 744.
390	231	23	261.
391	232	4	X, 56.
392	232	9	54.
393	232	10	1701.
394	232	12	IV, 838.
395	232	23	261.
396	237	12	IX, 291.
397	239	10	1204.
398	244	4	XII, 63.
399	244	12	IV, 1458.
400	245	4	VII, 20.
401	248	12	V, 514.
402	250	4	II, 466.
403	250	12	I, 498.
404	252	4	VIII, 100.
405	256	10	865.
406	269	9	87.
407	272	10	1430.
408	273	10	1438.
409	275	8	46 (1953) 49.
410	275	9	70.
411	275	20	26.
412	276	9	146.
413	276	12	IV, 1141.
414	278	8	45 (1952) 477.
415	279	8	89 (2000/2001) 242.
416	280	12	IX, 165.
417	283	4	VIII, 276.
418	283	7	38 (1952) 253.
419	293	7	48 (1962) 96.
420	293	12	IX, 216.
421	294	4	II, 278.
422	294	8	79 (1988) 190.
423	294	9	138.
424	294	19	210.
425	296	12	II, 175.
426	298	8	46 (1953) 65.
427	298	12	II, 1492.
428	299	8	44 (1951) 452.
429	299	12	II, 1337.
430	300	8	88 (1999) 441.
431	300	9	159.
432	301	4	XI, 74.
433	301	8	45 (1952) 488.
434	302	16	287.
435	304	2	106.
436	304	8	84 (1994) 286.
437	304	9	67.
438	304	12	VIII, 722.
439	309	4	II, 451.
440	309	9	104.
441	309	12	I, 487.
442	310	10	1139.
443	313	5	533.
444	313	9	98.
445	313	12	IV, 576.
446	314	4	VI, 20.
447	314	8	84 (1994) 86.
448	314	12	VI, 667.
449	315	12	VIII, 784.
450	315	16	286.
451	316	9	133.
452	316	12	IV, 1289.
453	317	2	37.
454	317	3	no. 4009
455	317	12	I, 345.
456	317	16	283.
457	318	2	195.
458	318	8	43 (1950) 237.
459	318	12	III, 1065.
460	319	2	150.
461	319	12	VIII, 1019.
462	320	2	34.
463	320	4	II, 150.
464	320	5	522.
465	320	12	III, 106.
466	321	9	143.
467	322	2	240.
468	322	4	XI, 50.
469	322	8	46 (1953) 35.
470	322	9	83.
471	322	12	IX, 1194.
472	323	4	II, 369.
473	323	9	60.
474	323	12	VII, 195.
475	323	20	43.
476	326	4	bijvoegsel, 68.
477	326	7	36 (1950) 116, 123.
478	326	9	140.
479	326	12	I, 733.
480	326	15	21.
481	326	16	285.
482	327	2	125.
483	327	7	77 (1993) 341.
484	327	12	VIII, 870.
485	327	16	287.
486	328	2	134.
487	328	4	VII, 66.
488	328	7	52 (1966) 221.
489	328	12	I, 1228.
490	328	16	287.
491	329	2	181.
492	329	16	290.
493	330	2	255.
494	330	12	X, 1169.
495	330	16	291.
496	332	8	44 (1951) 384.
497	332	9	150.
498	332	12	X, 930.
499	333	2	97.
500	333	15	17.
501	333	16	286.
502	334	8	90 (2002/2003) 314.
503	334	12	V, 555.
504	335	4	I, 8.
505	335	12	IV, 1.
506	335	15	16.
507	336	2	250.
508	336	4	XI, 118.
509	336	6	no. 889
510	336	8	46 (1953), 171.
511	336	9	97.
512	336	12	IX, 1240.
513	337	2	137.
514	337	4	X, 20.
515	337	7	29 (1943) 244.
516	337	9	77.
517	337	12	VIII, 948.
518	337	15	17.
519	338	16	285.
520	339	16	289.
521	340	2	120.
522	340	4	VI, 368.
523	341	16	284.
524	342	4	VII, 127.
525	342	7	11 (1920) 133.
526	343	2	150.
527	343	7	84 (2002) 181.
528	343	12	IX, 588.
529	344	4	IX, 18.
530	344	5	562.
531	344	12	V, 430.
532	345	2	202.
533	345	4	X, 166.
534	345	5	569.
535	345	9	129.
536	346	4	VII, 66.
537	346	8	83 (1993) 245.
538	346	9	140.
539	346	12	VIII, 612.
540	349	2	205.
541	349	4	X, 83.
542	349	12	II, 1274.
543	349	15	19.
544	350	12	IX, 1102.
545	350	16	290.
546	351	4	IX, 26.
547	354	16	280.
548	356	19	106.
549	358	5	555.
550	358	9	151.
551	359	3	no. 4384
552	359	4	II, 311.
553	359	12	IV, 241.
554	360	16	287.
555	361	16	286.
556	361	17	383.
557	362	7	47 (1961) 207.
558	362	16	288.
559	364	4	V, 30.
560	364	8	82 (1992) 234.
561	364	12	I, 805.
562	364	16	285.
563	365	16	288.
564	366	3	no. 4435
565	368	2	66.
566	368	3	no. 1708
567	368	7	78 (1994) 20.
568	370	6	no. 891
569	371	9	135.
570	372	5	459.
571	372	16	289.
572	372	19	222.
573	374	9	146.
574	374	24	20.
575	374	25	48.
576	377	9	145.
577	377	12	VII, 1030.
578	379	4	IX, 23.
579	379	8	89 (2000/2001) 209.
580	380	2	220.
581	380	5	576.
582	380	12	IX, 1055.
583	380	15	22.
584	383	7	33 (1947) 148.
585	383	12	VIII 569.
586	384	4	II, 526.
587	384	5	527.
588	384	12	I, 533.
589	386	2	144.
590	386	5	669.
591	387	2	71.
592	387	5	434.
593	387	19	236.
594	388	2	122.
595	388	12	VIII, 845.
596	390	2	29.
597	392	2	226.
598	392	9	147.
599	392	12	IV, 1277.
600	393	2	39.
601	393	9	138.
602	393	12	III, 120.
603	395	7	37 (1951) 398.
604	396	2	131.
605	396	9	143.
606	398	2	182.
607	398	4	IX, 35.
608	398	7	56 (1970) 143.
609	398	12	IX, 756.
610	399	2	65.
611	399	12	IX, 166.
612	401	9	116.
613	401	12	VIII, 856.
614	402	9	59.
615	402	20	295.
616	403	2	253.
617	403	5	693.
618	403	7	41 (1955) 343.
619	403	12	IX, 1245.
620	404	4	VI, 86.
621	404	12	I, 906.
622	405	2	149.
623	405	4	VIII, 38.
624	405	12	VIII, 1008.
625	406	2	257.
626	406	12	X, 1206.
627	407	4	IX, 32.
628	407	12	VIII, 1238.
629	407	15	22.
630	408	2	99.
631	408	8	84 (1994) 86.
632	408	12	VI, 673.
633	408	15	17.
634	410	9	108.
635	411	9	144.
636	412	8	46 (1953) 562.
637	412	12	III, 1524.
638	413	9	62.
639	413	10	1767.
640	414	9	60.
641	415	8	43 (1950) 313.
642	416	4	III, 146.
643	417	8	44 (1951) 153.
644	417	9	146.
645	417	16	290.
646	419	10	1251.
647	419	24	7.
648	421	9	121.
649	422	2	57.
650	422	4	III, 6.
651	422	9	87.
652	426	2	228.
653	426	8	45 (1952) 143.
654	426	9	54.
655	426	10	1702.
656	426	18	296.
657	427	8	83 (1993) 185.
658	427	9	140.
659	427	12	III, 466.
660	428	8	89 (2000/2001) 287.
661	429	4	X,  84.
662	429	8	43 (1950) 265.
663	429	12	III, 1071.
664	430	8	79 (1988) 207.
665	430	9	93.
666	430	20	155.
667	431	3	no. 3446
668	431	4	II, 216.
669	431	9	102.
670	431	12	I, 378.
671	432	3	no. 3456
672	433	25	36, 165.
673	434	9	113.
674	434	12	III, 543.
675	435	4	XII, 48.
676	435	8	46 (1953) 343.
677	438	2	70.
678	438	9	139.
679	438	12	VII, 350.
680	439	9	92.
681	439	12	VIII, 33.
682	440	4	IV, 26.
683	440	12	IX, 195.
684	441	2	146.
685	441	9	88.
686	441	12	VIII, 1006.
687	441	19	145.
688	442	9	159.
689	444	9	82.
690	445	4	VIII, 173.
691	445	9	81.
692	446	2	148.
693	446	4	VIII, 36.
694	446	9	159.
695	447	2	75.
696	447	8	82 (1992) 40.
697	447	9	73.
698	448	2	65.
699	448	9	98.
700	448	12	VIII, 324.
701	449	6	no. 884
702	449	8	79 (1988) 368.
703	449	9	101.
704	450	4	IX, 17.
705	450	8	89 (2000/2001) 338.
706	450	9	94.
707	453	4	X, 182.
708	453	9	94.
709	455	4	VI, 10.
710	455	9	151.
711	455	12	I, 845.
712	455	20	255.
713	457	9	133.
714	457	12	IX, 1105.
715	458	4	VII, 104.
716	460	4	VII, 30.
717	460	9	93.
718	460	12	VII, 465.
719	460	16	285.
720	461	9	174.
721	462	7	1 (1910) 270.
722	463	4	II, 182.
723	463	12	I, 356.
724	464	4	III, 145.
725	465	8	89 (2000/2001) 332.
726	465	12	IX, 747.
727	469	4	III, 7.
728	469	12	IX, 123.
729	470	26	361.
730	473	7	2 (1911) 455.
731	475	8	89 (2000/2001) 529, 534.
732	483	2	50.
733	483	4	II, 368.
734	485	4	II, 16.
735	485	12	II, 77.
736	487	4	IV, 135.
737	487	8	82 (1992) 132.
738	487	9	74.
739	487	12	IV, 544.
740	488	4	XII, 12.
741	488	8	46 (1953) 225.
742	488	9	134.
743	488	12	IX, 1274.
744	489	4	II, 467.
745	490	10	1449.
746	493	9	83.
747	496	4	II, 400.
748	496	12	IV, 299.
749	497	7	7 (1916) 172.
750	497	9	110.
751	498	2	100.
752	498	4	VI, 27.
753	498	12	VIII, 666.
754	499	8	88 (1999) 422.
755	499	16	288.
756	500	8	44 (1951) 404.
757	500	9	68.
758	501	9	88.
759	502	4	XII, 91.
760	502	7	36 (1950) 370.
761	502	9	87.
762	507	7	2 (1911) 451.
763	508	2	219.
764	508	5	464.
765	508	8	44 (1951) 423.
766	508	19	230.
767	510	12	III, 1064.
768	511	4	XII, 55.
769	511	12	X, 1197.
770	512	4	VII, 32.
771	512	12	IV, 829.
772	513	9	138.
773	514	2	63.
774	514	4	IV, 67.
775	514	9	139.
776	514	12	VIII, 299.
777	522	8	79 (1988) 445.
778	522	9	102.
779	524	2	105.
780	524	4	VI, 83.
781	524	12	IX, 327.
782	525	4	X, 48..
783	526	5	207.
784	529	16	285.
785	531	2	244.
786	531	7	13 (1923) 449.
787	531	9	98.
788	531	12	IX, 1212.
789	531	26	361.
790	532	2	112.
791	532	7	38 (1952) 164.
792	533	7	10 (1919) 340.
793	533	9	151.
794	533	12	III, 953.
795	533	24	12.
796	534	4	VII, 61.
797	535	4	XI, 75.
798	535	8	45 (1952) 517.
799	535	12	V, 978.
800	539	3	no. 3301
801	539	4	IV, 2.
802	539	9	61.
803	539	10	564.
804	539	12	I, 665.
805	540	4	IX, 92.
806	540	12	VII, 937.
807	547	2	38.
808	548	2	48.
809	548	4	II, 323.
810	548	12	IV, 260.
811	549	3	no. 3593
812	549	4	II, 515.
813	549	12	I, 529.
814	554	8	83 (1993) 142.
815	555	12	I, 1132.
816	556	8	85 (1995) 351.
817	556	12	IX, 377.
818	557	2	139.
819	557	7	39 (1953) 162.
820	558	7	40 (1954) 211.
821	560	15	19.
822	563	4	VIII, 281.
823	564	2	183.
824	564	4	IX, 38.
825	564	12	IX, 758.
826	565	12	II, 1178.
827	567	2	224.
828	567	4	X, 296.
829	567	12	VIII, 1285.
830	568	2	237.
831	568	4	XI, 2.
832	570	2	251.
833	570	8	46 (1953), 204.
834	570	9	149.
835	570	12	VII, 1297.
836	571	4	XII, 14.
837	572	4	XII, 107.
838	575	5	519.
839	578	15	18.
840	579	5	551.
841	579	15	18.
842	580	5	566.
843	580	8	90 (2002/2003) 310.
844	581	5	570.
845	582	4	X, 268.
846	582	5	574.
847	582	7	43 (1957) 272.
848	583	5	542.
849	584	5	580.
850	586	2	58.
851	586	4	III, 15.
852	586	12	VII, 272.
853	587	26	360.
854	588	3	no. 3653
855	589	2	108.
856	589	8	85 (1995) 49.
857	589	15	17.
858	589	26	360.
859	591	2	163.
860	591	12	VIII, 1098.
861	592	26	360.
862	594	4	IX, 154.
863	596	26	363.
864	598	8	45 (1952) 93.
865	598	12	V, 833.
866	598	20	161.
867	598	26	361.
868	600	26	361.
869	603	5	434.
870	603	19	266.
871	604	4	IV, 141.
872	604	7	48 (1962) 4.
873	604	19	87.
874	605	19	127.
875	606	5	436.
876	606	19	229.
877	607	19	98.
878	608	4	VII, 65.
879	608	19	118.
880	610	7	28 (1942) 123.
881	610	19	155.
882	612	5	450.
883	612	19	266.
884	613	2	151.
885	613	12	IV, 890.
886	614	8	87 (1998) 284.
887	614	15	19.
888	614	19	92.
889	615	7	52 (1966) 335.
890	615	12	VII, 1136.
891	616	5	453.
892	616	19	249.
893	617	5	455.
894	618	5	461.
895	618	19	223.
896	619	5	462.
897	619	19	251.
898	620	19	147.
899	621	19	183.
900	622	19	95.
901	623	2	242.
902	623	19	148.
903	624	2	246.
904	624	4	XI, 80.
905	624	5	468.
906	624	7	6 (1915) 386.
907	624	12	V, 1041.
908	624	19	234.
909	625	4	XII, 47.
910	625	5	471.
911	625	19	232.
912	626	19	198.
913	628	8	46 (1953) 553.
914	628	12	IX, 1320.
915	628	19	216.
916	629	9	85.
917	629	20	162.
918	631	5	370.
919	631	7	75 (1991) 23.
920	632	2	178.
921	635	12	IX, 1124.
922	635	15	20.
923	636	8	46 (1953), 186.
924	636	12	IX, 1238.
925	636	15	21.
926	637	2	36.
927	637	4	II, 157.
928	637	5	172.
929	637	12	VIII, 101.
930	639	2	124.
931	639	4	VI, 429.
932	639	5	195.
933	639	7	77 (1993) 318.
934	639	12	VIII, 867.
935	639	15	17.
936	640	4	VII, 43.
937	640	5	198.
938	640	12	IX, 458.
939	641	5	199.
940	641	12	IV, 813.
941	642	2	145.
942	642	5	204.
943	642	12	IX, 561.
944	643	2	161.
945	643	5	207.
946	643	7	66 (1982) 197.
947	643	12	IV, 925.
948	645	2	227.
949	645	5	222.
950	645	12	V, 837.
951	646	5	232.
952	648	7	31 (1945) 115.
953	649	2	171.
954	649	4	VIII, 276.
955	649	7	38 (1952) 235.
956	649	12	IX, 682.
957	649	15	19.
958	651	2	215.
959	651	4	X, 219.
960	651	12	V, 746.
961	652	4	X, 302.
962	653	4	III, 85.
963	653	9	61.
964	653	10	385.
965	653	12	III, 214.
966	654	17	385.
967	655	4	X, 230.
968	655	17	386.
969	656	7	12 (1921/1922) 61.
970	656	12	II, 190.
971	656	17	387.
972	657	2	200.
973	657	9	146.
974	657	17	389.
975	658	5	187.
976	658	17	385.
977	659	2	49.
978	659	17	391.
979	660	5	163.
980	660	17	392.
981	661	17	393.
982	662	17	394.
983	663	17	395.
984	664	2	83.
985	664	17	396.
986	665	17	397.
987	666	4	IX, 1.
988	666	12	V, 413.
989	666	17	398.
990	667	3	no. 0057
991	667	17	400.
992	668	17	401.
993	669	17	401.
994	670	17	403.
995	671	17	404.
996	672	17	405.
997	673	17	406.
998	674	17	407.
999	675	4	IV, 106.
1000	675	12	IV, 529.
1001	675	17	408.
1002	676	2	89.
1003	676	17	409.
1004	677	17	410.
1005	678	4	VI, 42.
1006	678	7	49 (1963) 141.
1007	678	12	IV, 606.
1008	678	17	414.
1009	679	7	9 (1918) 390.
1010	679	12	X, 1165.
1011	679	16	291.
1012	679	17	416.
1013	680	16	290.
1014	680	17	416.
1015	681	4	II, 124.
1016	681	12	X, 53.
1017	681	16	283.
1018	681	17	418.
1019	682	2	19.
1020	682	12	IX, 1-2.
1021	683	2	19.
1022	684	2	20.
1023	684	5	162.
1024	685	2	20.
1025	685	12	X, 12.
1026	686	2	20.
1027	686	8	79 (1988) 71.
1028	686	9	99.
1029	687	2	21.
1030	687	3	no. 39
1031	687	5	164.
1032	687	12	IX, 20.
1033	688	2	22.
1034	688	3	no. 4683
1035	688	12	IX, 22.
1036	689	2	22.
1037	690	2	24.
1038	691	2	24.
1039	692	2	25.
1040	692	12	VII, 50.
1041	693	2	26.
1042	693	4	I, 138.
1043	693	8	79 (1988) 170.
1044	693	9	100.
1045	693	12	VII, 58.
1046	694	2	27.
1047	694	3	nr. 0083.
1048	694	5	76.
1049	694	12	III, 51.
1050	694	16	283.
1051	695	2	28.
1052	696	2	28.
1053	696	5	168.
1054	697	2	29.
1055	698	2	30.
1056	698	5	421.
1057	698	19	138.
1058	699	2	30.
1059	699	3	no. 0174
1060	699	12	IX, 46.
1061	700	2	31.
1062	701	2	32.
1063	701	4	II, 115.
1064	701	5	78.
1065	701	12	IX, 48.
1066	702	2	32.
1067	702	8	79 (1988) 485.
1068	702	12	IV, 139.
1069	703	2	35.
1070	703	3	no. 0234
1071	703	4	II, 156.
1072	703	5	171.
1073	703	8	79 (1988) 541.
1074	703	12	VIII 94.
1075	704	2	40.
1076	704	3	no. 4181
1077	705	2	40.
1078	706	2	41.
1079	707	2	41.
1080	708	2	43.
1081	708	4	bijvoegsel, 37.
1082	708	12	VIII, 156.
1083	708	16	264.
1084	709	2	43.
1085	710	2	44.
1086	710	8	80 (1989) 148.
1087	710	9	152.
1088	711	2	45.
1089	712	2	46.
1090	712	5	647.
1091	713	2	46.
1092	713	5	648.
1093	714	2	46.
1094	714	12	IX, 85.
1095	715	2	47.
1096	715	4	II, 304.
1097	715	12	II, 217.
1098	716	2	48.
1099	718	2	51.
1100	718	4	II, 391.
1101	718	12	IV, 295.
1102	719	2	51.
1103	720	2	52.
1104	720	4	II, 443.
1105	720	12	IV, 320.
1106	721	2	53.
1107	722	2	53.
1108	722	12	IV, 346.
1109	723	2	54.
1110	723	4	II, 505.
1111	723	9	139.
1112	724	2	54.
1113	725	2	55.
1114	725	5	652.
1115	726	2	55.
1116	726	4	II, 524.
1117	726	8	80 (1989) 611.
1118	726	9	71.
1119	726	12	IV, 377.
1120	727	2	56.
1121	727	4	II, 526.
1122	727	12	I, 532.
1123	727	16	284.
1124	728	2	59.
1125	728	16	284.
1126	729	2	60.
1127	729	12	IX, 128.
1128	730	2	60.
1129	730	3	no. 4267
1130	730	4	III, 72.
1131	730	12	III, 265.
1132	730	16	266.
1133	731	2	61.
1134	731	5	81.
1135	732	2	62.
1136	732	12	IX, 142.
1137	733	2	62.
1138	733	3	no. 4394
1139	733	4	III, 85.
1140	733	12	IX, 143.
1141	734	2	63.
1142	734	5	361.
1143	735	2	64.
1144	737	2	67.
1145	737	7	4 (1913) 93.
1146	737	9	139.
1147	737	12	IX, 179.
1148	737	20	223.
1149	738	2	68.
1150	738	4	III, 255.
1151	738	12	IV, 469.
1152	739	2	72.
1153	740	2	72.
1154	740	19	197.
1155	741	2	73.
1156	742	2	73.
1157	742	16	285.
1158	743	2	73.
1159	743	19	72.
1160	744	2	74.
1161	745	2	74.
1162	745	8	82 (1992) 27.
1163	745	12	IX, 203.
1164	746	2	76.
1165	747	2	76.
1166	747	8	82 (1992) 92.
1167	748	2	77.
1168	748	4	IV, 122.
1169	748	12	I, 759.
1170	749	2	77.
1171	750	2	78.
1172	750	3	no. 4406
1173	750	12	IX, 225.
1174	750	16	268.
1175	751	2	79.
1176	751	3	no. 3356
1177	751	4	V, 23.
1178	751	5	180.
1179	751	12	II, 433.
1180	752	2	80.
1181	752	5	535.
1182	753	2	80.
1183	754	2	81.
1184	754	4	V, 93.
1185	755	2	82.
1186	755	12	V, 187.
1187	756	2	83.
1188	756	4	VI, 34.
1189	756	12	I, 865.
1190	757	2	84.
1191	757	5	657.
1192	758	2	85.
1193	758	3	no. 4412
1194	758	4	VI, 53.
1195	758	8	82 (1992) 494.
1196	758	12	I, 877.
1197	759	2	86.
1198	759	8	82 (1992) 514.
1199	759	12	I, 883.
1200	760	2	87.
1201	760	12	VIII, 575.
1202	761	2	88.
1203	761	12	VI, 547.
1204	762	2	90.
1205	762	4	VII, 49.
1206	762	8	83 (1993) 162.
1207	762	12	III, 463.
1208	762	16	286.
1209	763	2	91.
1210	764	2	91.
1211	764	7	6 (1915) 127.
1212	765	2	92.
1213	765	9	141.
1214	766	2	92.
1215	767	2	93.
1216	767	12	IX, 297.
1217	768	2	93.
1218	769	2	94.
1219	770	2	94.
1220	771	2	94.
1221	771	4	VII, 122.
1222	772	2	95.
1223	773	2	95.
1224	773	12	VII, 506.
1225	774	2	96.
1226	775	2	96.
1227	775	5	659.
1228	775	12	VI, 652.
1229	776	2	97.
1230	777	2	93.
1231	777	6	no. 925
1232	777	8	84 (1994) 63.
1233	778	2	101.
1234	778	5	188.
1235	779	2	102.
1236	779	12	III, 531.
1237	780	2	102.
1238	780	4	VI, 32.
1239	780	12	VI, 688.
1240	781	2	103.
1241	781	4	VI, 43.
1242	781	12	VI, 693.
1243	781	26	361.
1244	782	2	104.
1245	782	7	9 (1918) 149, 150.
1246	783	2	104.
1247	783	12	IX, 325.
1248	784	2	106.
1249	784	5	660.
1250	784	12	I, 1034.
1251	785	2	107.
1252	785	8	85 (1995) 8.
1253	785	9	142.
1254	786	2	108.
1255	786	8	85 (1995) 42.
1256	786	9	141.
1257	786	12	IX, 353.
1258	787	2	109.
1259	788	2	110.
1260	789	2	111.
1261	790	2	111.
1262	790	9	141.
1263	790	12	VIII, 749.
1264	791	2	112.
1265	791	8	85 (1995) 118.
1266	791	12	IX, 359.
1267	792	2	113.
1268	793	2	114.
1269	793	5	92.
1270	794	2	114.
1271	795	2	115.
1272	795	8	85 (1995) 379.
1273	796	2	115.
1274	797	2	117.
1275	798	2	118.
1276	799	2	118.
1277	799	12	VIII, 826.
1278	800	2	119.
1279	800	12	VIII, 826.
1280	801	2	121.
1281	801	4	VI, 378.
1282	802	2	123.
1283	803	2	123.
1284	803	4	VI, 425.
1285	803	15	22.
1286	804	2	126.
1287	805	2	126.
1288	805	5	366.
1289	805	8	85 (1995) 485.
1290	805	12	VIII, 880.
1291	806	2	127.
1292	806	5	95.
1293	807	2	129.
1294	808	2	129.
1295	808	9	87.
1296	809	2	130.
1297	809	7	41 (1955) 195.
1298	810	2	131.
1299	810	5	668.
1300	810	12	VIII, 919.
1301	811	2	132.
1302	811	26	360.
1303	812	2	133.
1304	812	5	296.
1305	813	2	133.
1306	814	2	134.
1307	814	7	52 (1966) 210.
1308	815	2	135.
1309	815	4	X, 10.
1310	815	12	VIII, 941.
1311	816	2	136.
1312	816	5	546.
1313	816	7	4 (1913) 201.
1314	816	12	III, 669.
1315	817	2	138.
1316	818	2	138.
1317	819	2	141.
1318	819	5	201.
1319	819	12	VIII, 978.
1320	819	15	18.
1321	820	2	142.
1322	820	5	297.
1323	821	2	142.
1324	821	5	371.
1325	822	2	142.
1326	823	2	143..
1327	823	4	X, 100.
1328	823	12	IX, 543.
1329	824	2	144.
1330	825	2	144.
1331	826	2	146.
1332	826	7	75 (1991) 167.
1333	826	9	117.
1334	827	2	152.
1335	828	2	152.
1336	828	12	VI, 930.
1337	829	2	153.
1338	829	4	VIII, 100.
1339	829	8	87 (1998) 165.
1340	829	12	I, 1263.
1341	830	2	154.
1342	831	2	155.
1343	832	2	155.
1344	832	4	VIII, 112.
1345	832	12	IX, 600.
1346	832	15	18.
1347	833	2	156.
1348	833	8	87 (1998) 220.
1349	833	9	79.
1350	833	12	III, 765.
1351	834	2	158.
1352	834	19	109.
1353	835	2	159.
1354	836	2	160.
1355	836	4	VIII, 54.
1356	836	26	363.
1357	838	2	161.
1358	839	2	162.
1359	839	4	VIII, 210.
1360	839	12	V, 325.
1361	840	2	162.
1362	840	19	146.
1363	841	2	163.
1364	842	2	164.
1365	843	2	165.
1366	843	12	VIII, 1126.
1367	844	12	IX, 654.
1368	846	2	166.
1369	846	12	IX, 667.
1370	847	2	167.
1371	848	2	167.
1372	849	2	168.
1373	849	5	301.
1374	850	2	168.
1375	850	5	674.
1376	851	2	168.
1377	852	2	169.
1378	853	2	169.
1379	853	9	145.
1380	853	20	255.
1381	854	2	170.
1382	854	12	VIII, 1153.
1383	855	2	172.
1384	856	2	173.
1385	856	7	75 (1991) 210.
1386	856	12	I, 1343.
1387	857	2	174.
1388	858	2	175.
1389	858	4	IX, 67.
1390	858	12	VIII, 1217.
1391	859	2	175.
1392	859	5	372.
1393	860	2	176.
1394	861	2	176.
1395	862	2	177.
1396	863	2	178.
1397	863	4	IX, 4.
1398	863	12	II, 101.
1399	864	2	179.
1400	865	2	180.
1401	866	2	180.
1402	867	2	181.
1403	867	5	677.
1404	868	2	183.
1405	869	2	184.
1406	870	2	184.
1407	871	2	185.
1408	871	5	374.
1409	872	2	185.
1410	872	9	94.
1411	872	12	X, 742.
1412	873	2	188.
1413	873	4	IX, 133.
1414	873	12	II, 1125.
1415	874	2	188.
1416	875	2	189.
1417	875	12	VIII, 1261.
1418	876	2	190.
1419	876	5	566.
1420	877	2	191.
1421	877	12	II, 1161.
1422	877	15	19.
1423	878	2	191.
1424	879	2	192.
1425	880	2	192.
1426	881	2	193.
1427	881	4	X, 62.
1428	881	5	105.
1429	882	2	194.
1430	883	2	196.
1431	885	2	198.
1432	886	9	146.
1433	886	12	IX, 860.
1434	887	2	199.
1435	887	12	V, 597.
1436	888	2	200
1437	889	2	200.
1438	890	2	201.
1439	890	5	568.
1440	891	2	202.
1441	891	5	305.
1442	892	2	203.
1443	892	12	III, 1118.
1444	893	2	203.
1445	893	8	44 (1951) 19.
1446	893	9	146.
1447	893	12	IX, 931.
1448	894	2	204.
1449	894	8	44 (1951) 61.
1450	894	12	IX, 943.
1451	895	2	205.
1452	896	2	206.
1453	896	5	216.
1454	897	2	207.
1455	898	2	207.
1456	899	2	207.
1457	900	2	208.
1458	900	7	24 (1938) 249.
1459	901	2	209.
1460	902	2	210.
1461	903	2	210.
1462	904	2	211.
1463	904	4	X, 177.
1464	904	8	44 (1951) 190.
1465	904	9	147.
1466	905	2	211.
1467	906	2	212.
1468	906	5	92.
1469	906	8	44 (1951) 249.
1470	907	2	213.
1471	907	8	44 (1951) 273.
1472	908	2	213.
1473	908	4	X, 204.
1474	908	5	218.
1475	908	12	IX, 1031.
1476	908	15	20.
1477	909	2	214.
1478	909	8	44 (1951) 289.
1479	910	2	215.
1480	911	2	216.
1481	912	8	44 (1951) 319.
1482	912	9	147.
1483	913	2	218.
1484	914	2	220.
1485	915	2	221.
1486	915	4	X, 273.
1487	915	8	44 (1951) 466.
1488	915	9	90.
1489	916	2	222.
1490	916	8	44 (1951) 474.
1491	917	2	223.
1492	918	2	223.
1493	919	2	224.
1494	919	4	X, 305.
1495	920	2	224.
1496	920	19	103.
1497	921	2	225.
1498	922	2	227.
1499	922	8	45 (1952) 111.
1500	922	12	X, 1083.
1501	922	15	20.
1502	922	26	361.
1503	923	2	229.
1504	923	12	IX, 1097.
1505	924	2	230.
1506	925	2	230.
1507	926	2	231.
1508	927	2	231.
1509	928	2	232.
1510	929	2	232.
1511	929	5	312.
1512	930	2	233.
1513	930	8	45 (1952) 420.
1514	930	9	140.
1515	931	2	233.
1516	931	8	45 (1952) 435.
1517	931	9	148.
1518	931	12	X, 1059.
1519	932	2	234.
1520	932	5	114.
1521	932	8	45 (1952) 438.
1522	932	12	X, 1056.
1523	933	2	236.
1524	933	8	45 (1952) 517.
1525	933	9	98.
1526	934	2	237.
1527	934	12	IV, 1361.
1528	935	2	237.
1529	936	2	238.
1530	937	2	239.
1531	937	4	XI, 36.
1532	938	2	239.
1533	938	5	690.
1534	939	2	240.
1535	939	12	IX, 1188.
1536	940	2	243.
1537	940	12	VII, 1257.
1538	941	2	243.
1539	942	2	245.
1540	943	2	245.
1541	943	5	584.
1542	944	2	247.
1543	944	7	53 (1967) 334.
1544	944	12	IV, 1409.
1545	945	2	248.
1546	946	2	248.
1547	946	7	47 (1968) 357.
1548	947	2	253.
1549	948	2	254.
1550	948	9	149.
1551	948	12	X, 1157.
1552	949	2	254.
1553	949	19	81.
1554	950	2	255.
1555	950	12	X, 1164.
1556	951	2	256.
1557	952	2	258.
1558	952	12	IX, 1283.
1559	953	2	258.
1560	953	5	699.
1561	954	2	259.
1562	955	2	259.
1563	955	5	317.
1564	955	8	46 (1953) 483.
1565	956	2	260.
1566	956	8	46 (1953) 521.
1567	956	9	149.
1568	957	2	261.
1569	957	5	235.
1570	957	12	IX, 1312.
1571	958	2	262.
1572	960	2	263.
1573	960	4	XII, 20.
1574	960	12	IX, 1317.
1575	961	2	263.
1576	961	5	474.
1577	961	8	46 (1953) 553.
1578	961	19	243.
1579	962	5	651.
1580	962	15	16.
1581	964	15	16.
1582	965	5	197.
1583	965	15	17.
1584	966	8	87 (1998) 244.
1585	966	12	III, 763.
1586	966	15	18.
1587	967	7	59 (1973) 143.
1588	967	15	18.
1589	968	15	20.
1590	969	5	228.
1591	969	15	21.
1592	970	4	I, 87.
1593	970	15	22.
1594	970	17	429.
1595	971	15	22.
1596	972	15	22.
1597	973	8	45 (1952) 225.
1598	975	5	104.
1599	977	5	112.
1600	978	17	377.
1601	979	16	290.
1602	980	9	137.
1603	980	16	263.
1604	981	16	270.
1605	983	7	8 (1917) 336.
1606	983	16	289.
1607	984	16	265.
1608	985	8	85 (1995) 541.
1609	990	4	XI, 73.
1610	996	5	656.
1611	997	4	III, 97.
1612	997	12	IV, 412.
1613	1000	16	285.
1614	1001	7	31 (1945) 112.
1615	1004	5	88.
1616	1005	16	289.
1617	1008	7	46 (1960) 148.
1618	1012	16	289.
1619	1014	16	267.
1620	1018	4	III, 12.
1621	1018	12	VII, 269.
1622	1020	12	VI, 25.
1623	1020	16	283.
1624	1020	19	150.
1625	1021	16	284.
1626	1024	5	75.
1627	1025	5	79.
1628	1026	5	79.
1629	1027	5	80.
1630	1028	5	82.
1631	1029	5	83.
1632	1030	5	83.
1633	1031	5	85.
1634	1032	5	85.
1635	1033	4	IV, 106.
1636	1033	5	86.
1637	1034	5	86.
1638	1035	5	87.
1639	1036	5	87.
1640	1037	5	88.
1641	1038	5	89.
1642	1039	5	90.
1643	1040	5	90.
1644	1041	5	90.
1645	1042	5	91.
1646	1043	5	91.
1647	1044	5	95.
1648	1045	5	96.
1649	1046	5	96.
1650	1047	5	97.
1651	1048	5	98.
1652	1049	5	99.
1653	1049	7	9 (1918) 253.
1654	1049	12	X, 522.
1655	1050	5	99.
1656	1051	5	100.
1657	1052	5	100.
1658	1053	5	101.
1659	1054	5	101.
1660	1055	5	102.
1661	1056	5	103.
1662	1057	5	103.
1663	1058	5	104.
1664	1059	5	105.
1665	1060	5	107.
1666	1061	5	107.
1667	1062	5	107.
1668	1064	5	108.
1669	1064	8	45 (1952) 236.
1670	1066	5	110.
1671	1067	4	XI, 18.
1672	1067	5	110.
1673	1068	5	111.
1674	1069	5	112.
1675	1070	5	115.
1676	1071	5	115.
1677	1071	8	46 (1953) 65.
1678	1072	5	116.
1679	1073	5	116.
1680	1074	5	117.
1681	1075	5	117.
1682	1076	5	118.
1683	1077	4	XII, 182.
1684	1077	5	119.
1685	1077	12	V, 1148.
1686	1079	5	163.
1687	1079	12	IV, 38.
1688	1080	5	102.
1689	1081	5	166.
1690	1082	5	167.
1691	1083	5	167.
1692	1084	3	no. 0068
1693	1084	5	167.
1694	1084	12	VII, 61.
1695	1085	5	169.
1696	1086	5	169.
1697	1087	5	170.
1698	1088	5	170.
1699	1089	5	173.
1700	1091	5	174.
1701	1092	5	175.
1702	1093	3	no. 0433
1703	1093	5	176.
1704	1094	5	177.
1705	1095	5	177.
1706	1096	5	178.
1707	1096	12	III, 203.
1708	1097	5	178.
1709	1098	5	179.
1710	1099	5	180.
1711	1100	5	182.
1712	1101	5	183.
1713	1102	5	184.
1714	1103	5	185.
1715	1104	4	VII, 65.
1716	1104	5	186.
1717	1105	5	186.
1718	1106	5	188.
1719	1107	5	189.
1720	1108	5	191.
1721	1109	5	191.
1722	1110	5	192.
1723	1111	5	192.
1724	1112	5	193.
1725	1113	5	193.
1726	1114	5	194.
1727	1116	5	198.
1728	1117	5	200.
1729	1118	5	201.
1730	1119	5	202.
1731	1120	4	X, 101.
1732	1120	5	203.
1733	1120	12	III, 713.
1734	1121	5	204.
1735	1122	5	205.
1736	1123	5	206.
1737	1124	5	206.
1738	1125	4	VIII, 138.
1739	1125	5	208.
1740	1125	12	III, 833.
1741	1126	5	209.
1742	1127	5	210.
1743	1128	5	210.
1744	1129	5	211.
1745	1130	5	212.
1746	1131	5	212.
1747	1131	12	X, 687.
1748	1132	5	213.
1749	1133	5	213.
1750	1134	5	214.
1751	1136	5	215.
1752	1137	5	216.
1753	1139	5	217.
1754	1140	5	218.
1755	1141	5	219.
1756	1142	5	220.
1757	1143	5	221.
1758	1144	5	221.
1759	1144	12	X, 959.
1760	1145	5	223.
1761	1146	5	224.
1762	1147	5	224.
1763	1148	5	225.
1764	1149	5	226.
1765	1149	12	X, 1063.
1766	1150	5	227.
1767	1151	5	227.
1768	1152	5	229.
1769	1153	5	229.
1770	1154	5	230.
1771	1155	5	230.
1772	1156	5	230.
1773	1157	5	231.
1774	1158	5	232.
1775	1159	5	233.
1776	1160	5	234.
1777	1161	5	234.
1778	1161	12	V, 1163.
1779	1162	5	236.
1780	1165	7	23 (1937) 150.
1781	1166	8	88 (1999) 29.
1782	1172	5	284.
1783	1173	5	284.
1784	1174	5	285.
1785	1176	5	285.
1786	1177	5	286.
1787	1178	5	286.
1788	1179	5	287.
1789	1180	5	287.
1790	1181	5	288.
1791	1182	5	288.
1792	1183	5	289.
1793	1184	5	289.
1794	1185	5	290.
1795	1186	5	290.
1796	1187	5	291.
1797	1189	5	291.
1798	1190	5	292.
1799	1191	5	293.
1800	1192	5	293.
1801	1193	5	293.
1802	1194	5	294.
1803	1195	5	294.
1804	1196	5	295.
1805	1197	5	196.
1806	1197	7	17 (1927) 207.
1807	1198	5	297.
1808	1199	5	298.
1809	1200	5	298.
1810	1201	5	299.
1811	1202	5	299.
1812	1203	5	300.
1813	1204	5	300.
1814	1205	5	300.
1815	1206	5	301.
1816	1207	5	302.
1817	1208	5	302.
1818	1209	5	303.
1819	1210	5	303.
1820	1211	5	304.
1821	1212	5	304.
1822	1213	5	304.
1823	1214	5	305.
1824	1215	5	306.
1825	1216	5	306.
1826	1217	5	307.
1827	1218	5	307.
1828	1219	5	308.
1829	1220	5	308.
1830	1221	5	309.
1831	1222	5	309.
1832	1223	5	309.
1833	1224	5	310.
1834	1225	5	310.
1835	1226	5	311.
1836	1227	5	311.
1837	1228	5	312.
1838	1229	5	313.
1839	1230	5	313.
1840	1231	5	314.
1841	1232	5	316.
1842	1232	7	31 (1945).
1843	1233	5	316.
1844	1235	16	286.
1845	1236	7	1 (1910) 267.
1846	1237	16	274.
1847	1238	4	X, 148.
1848	1238	7	76 (1992) 5.
1849	1238	12	III, 1095.
1850	1238	16	278.
1851	1239	16	285.
1852	1240	4	X, 119.
1853	1240	7	44 (1958) 297.
1854	1240	16	291.
1855	1241	7	2 (1911) 331.
1856	1241	16	274.
1857	1242	12	IX, 554.
1858	1242	16	272.
1859	1243	16	279.
1860	1244	12	I, 91.
1861	1244	16	262.
1862	1245	4	VI, 114.
1863	1245	16	286.
1864	1247	8	79 (1988) 438.
1865	1248	16	290.
1866	1249	26	361.
1867	1250	7	31 (1945) 366.
1868	1250	16	291.
1869	1251	16	290.
1870	1253	4	VI, 83.
1871	1253	7	31 (1945) 129.
1872	1253	12	VII, 533.
1873	1253	16	284.
1874	1254	16	287.
1875	1256	7	54 (1968) 155.
1876	1257	2	226.
1877	1257	16	288.
1878	1258	16	283.
1879	1260	8	79 (1988) 296.
1880	1260	16	283.
1881	1261	8	46 (1953) 49.
1882	1261	16	290.
1883	1262	4	X, 158.
1884	1262	12	X, 838.
1885	1262	16	289.
1886	1263	16	291.
1887	1264	16	283.
1888	1266	16	283.
1889	1267	16	284.
1890	1268	4	IX, 79.
1891	1268	12	VIII, 1252.
1892	1268	16	289.
1893	1269	4	X, 21.
1894	1269	12	VIII, 947.
1895	1269	16	287.
1896	1270	16	289.
1897	1272	7	32 (1946) 276.
1898	1273	16	284.
1899	1274	7	5 (1914) 456.
1900	1275	4	VIII, 199.
1901	1275	16	288.
1902	1276	4	X, 239.
1903	1276	8	44 (1951) 412.
1904	1277	12	IX, 57.
1905	1279	8	87 (1998) 630.
1906	1279	12	VII, 801.
1907	1280	4	XI, 19.
1908	1280	8	46 (1953) 16.
1909	1280	12	IX, 1162.
1910	1281	4	V, 95.
1911	1281	8	82 (1992) 297.
1912	1281	12	IV, 589.
1913	1282	8	44 (1951) 78.
1914	1283	8	45 (1952) 256.
1915	1283	12	IX, 1104.
1916	1284	4	X, 35.
1917	1284	12	VIII, 958.
1918	1285	12	X, 1166.
1919	1286	8	44 (1951) 215.
1920	1287	9	105.
1921	1287	12	I, 549.
1922	1288	4	XI, 66.
1923	1288	7	27 (1941) 298.
1924	1292	4	IV, 67.
1925	1292	12	VIII 296.
1926	1294	5	359.
1927	1295	5	360.
1928	1296	5	377.
1929	1297	5	361.
1930	1298	5	368.
1931	1306	8	82 (1995) 548.
1932	1307	8	88 (1999) 474.
1933	1308	5	359.
1934	1309	5	372.
1935	1310	5	355.
1936	1311	5	363.
1937	1313	5	365.
1938	1314	5	360.
1939	1315	5	378.
1940	1319	8	88 (1999) 374.
1941	1320	5	375.
1942	1321	5	374.
1943	1322	5	373.
1944	1323	5	376.
1945	1324	5	373.
1946	1324	7	5 (1914) 317.
1947	1345	5	355.
1948	1346	5	356.
1949	1347	5	365.
1950	1348	5	367.
1951	1349	5	367.
1952	1350	5	368.
1953	1351	5	370.
1954	1355	5	356.
1955	1356	5	369.
1956	1357	5	375.
1957	1359	12	X, 625.
1958	1361	7	51 (1965) 267.
1959	1370	4	IX, 49.
1960	1370	12	II, 1081.
1961	1380	7	13 (1923) 315.
1962	1386	5	364.
1963	1387	5	369.
1964	1388	5	375.
1965	1389	5	377.
1966	1393	4	X, 141.
1967	1393	12	V, 611.
1968	1395	5	366.
1969	1396	5	381.
1970	1407	5	354.
1971	1408	5	355.
1972	1409	5	371.
1973	1410	5	376.
1974	1411	5	377.
1975	1413	5	357.
1976	1413	8	79 (1988) 157.
1977	1413	9	159.
1978	1413	12	II, 206.
1979	1414	5	371.
1980	1415	5	376.
1981	1416	5	379.
1982	1417	5	379.
1983	1418	5	380.
1984	1419	8	46 (1953) 504.
1985	1420	5	358.
1986	1421	5	365.
1987	1422	5	369.
1988	1437	7	28 (1942) 262.
1989	1452	12	IV, 130-131.
1990	1453	5	358.
1991	1454	5	359.
1992	1455	5	359.
1993	1456	5	362.
1994	1457	5	363.
1995	1458	5	362.
1996	1459	5	363.
1997	1460	5	380.
1998	1492	4	IV, 96.
1999	1492	12	IV, 523.
2000	1505	5	364.
2001	1507	7	31 (1945) 84.
2002	1508	4	X, 69.
2003	1508	12	IV, 845.
2004	1509	7	54 (1968) 183.
2005	1509	19	93.
2006	1511	19	80.
2007	1513	12	I, 1488.
2008	1516	12	VI, 110.
2009	1516	19	76.
2010	1517	19	74.
2011	1519	19	73.
2012	1520	4	VI, 349.
2013	1520	12	III, 609.
2014	1520	19	74.
2015	1521	19	78.
2016	1522	19	79.
2017	1523	7	37 (1951) 276.
2018	1523	19	79.
2019	1524	19	81.
2020	1525	19	83.
2021	1527	19	84.
2022	1528	19	85.
2023	1529	19	90.
2024	1530	19	94.
2025	1531	19	94.
2026	1532	19	96.
2027	1533	8	82 (1992) 403.
2028	1533	19	97.
2029	1534	7	4 (1913) 195.
2030	1534	19	100.
2031	1535	19	101.
2032	1537	19	102.
2033	1538	19	105.
2034	1539	19	107.
2035	1540	19	107.
2036	1541	19	108.
2037	1542	19	108.
2038	1543	19	109.
2039	1545	19	110.
2040	1546	19	111.
2041	1547	19	111.
2042	1548	19	111.
2043	1549	19	112.
2044	1550	19	113.
2045	1551	19	114.
2046	1553	7	4 (1913) 15.
2047	1554	5	422.
2048	1554	19	162.
2049	1555	19	183.
2050	1558	5	650.
2051	1560	7	34 (1948) 133.
2052	1561	5	437.
2053	1561	19	273.
2054	1564	5	438.
2055	1564	8	84 (1994) 8.
2056	1564	19	262.
2057	1565	7	31 (1945) 111.
2058	1566	4	VI, 105.
2059	1566	8	84 (1994) 281.
2060	1566	9	141.
2061	1566	12	VIII, 722.
2062	1567	5	443.
2063	1567	19	233.
2064	1568	5	446.
2065	1568	7	29 (1943) 175.
2066	1568	19	271.
2067	1569	19	133.
2068	1570	12	VII, 767.
2069	1571	5	456.
2070	1571	19	221.
2071	1573	8	89 (2000/2001) 284.
2072	1574	8	89 (2000/2001) 326.
2073	1574	12	IX, 750.
2074	1576	8	90 (2002/2003) 515.
2075	1578	4	X, 77.
2076	1578	7	4 (1913) 337.
2077	1580	19	159.
2078	1582	8	46 (1953) 48.
2079	1582	9	151.
2080	1587	12	II, 1058.
2081	1592	12	VI, 1020.
2082	1594	19	114.
2083	1595	19	115.
2084	1596	19	117.
2085	1597	19	116.
2086	1598	19	118.
2087	1599	19	121.
2088	1600	19	122.
2089	1601	19	122.
2090	1602	19	123.
2091	1604	19	123.
2092	1605	19	104.
2093	1606	19	127.
2094	1607	19	127.
2095	1608	19	128.
2096	1609	19	129.
2097	1610	19	129.
2098	1611	19	130.
2099	1612	19	130.
2100	1613	19	131.
2101	1614	19	131.
2102	1615	19	132.
2103	1616	19	134.
2104	1617	19	134.
2105	1618	19	135.
2106	1619	19	136.
2107	1620	19	136.
2108	1621	19	137.
2109	1622	19	132.
2110	1623	19	140.
2111	1624	19	140.
2112	1625	19	141.
2113	1626	19	141.
2114	1627	19	141.
2115	1628	19	141.
2116	1629	19	142.
2117	1630	19	143.
2118	1631	19	162.
2119	1632	19	163.
2120	1633	19	163.
2121	1634	19	164.
2122	1635	19	164.
2123	1636	19	165.
2124	1637	19	165.
2125	1638	19	165.
2126	1639	19	166.
2127	1640	19	166.
2128	1641	19	166.
2129	1642	19	167.
2130	1643	19	167.
2131	1644	19	167.
2132	1645	19	168.
2133	1646	19	168.
2134	1647	19	168.
2135	1648	19	169.
2136	1649	19	169.
2137	1650	19	169.
2138	1651	19	170.
2139	1652	19	170.
2140	1653	19	171.
2141	1654	19	171.
2142	1655	19	171.
2143	1656	19	171.
2144	1657	19	172.
2145	1658	19	172.
2146	1659	19	172.
2147	1660	19	172.
2148	1661	19	173.
2149	1662	19	173.
2150	1663	19	173.
2151	1664	19	174.
2152	1665	19	174.
2153	1666	19	175.
2154	1667	19	175.
2155	1668	19	176.
2156	1669	19	176.
2157	1670	19	177.
2158	1671	19	177.
2159	1672	19	177.
2160	1673	19	179.
2161	1674	19	179.
2162	1675	19	180.
2163	1676	19	181.
2164	1677	19	181.
2165	1678	19	182.
2166	1679	19	178.
2167	1680	5	422.
2168	1680	19	178.
2169	1681	19	178.
2170	1682	19	180.
2171	1683	19	182.
2172	1684	19	182.
2173	1685	19	183.
2174	1686	19	186.
2175	1687	19	186.
2176	1688	19	186.
2177	1689	19	187.
2178	1690	19	187.
2179	1691	19	188.
2180	1692	19	188.
2181	1693	19	188.
2182	1694	19	189.
2183	1695	19	191.
2184	1696	5	423.
2185	1696	19	190.
2186	1697	19	190.
2187	1698	19	190.
2188	1699	19	189.
2189	1700	19	191.
2190	1701	19	191.
2191	1702	5	423.
2192	1702	19	192.
2193	1703	19	192.
2194	1704	19	193.
2195	1705	19	193.
2196	1706	19	193.
2197	1707	19	193.
2198	1708	19	194.
2199	1709	19	194.
2200	1710	19	194.
2201	1711	19	195.
2202	1712	19	195.
2203	1713	19	195.
2204	1714	19	196.
2205	1715	19	196.
2206	1716	19	196.
2207	1718	7	19 (1970) 242 NAZIEN nummer/jaartal.
2208	1718	19	198.
2209	1719	19	199.
2210	1720	19	199.
2211	1721	19	200.
2212	1722	19	200.
2213	1723	19	201.
2214	1724	19	201.
2215	1725	19	201.
2216	1726	19	202.
2217	1727	19	202.
2218	1728	19	202.
2219	1729	19	203.
2220	1730	19	203.
2221	1731	19	203.
2222	1732	19	204.
2223	1733	19	204.
2224	1734	19	204.
2225	1735	19	205.
2226	1736	19	205.
2227	1737	19	206.
2228	1738	19	206.
2229	1739	19	206.
2230	1740	19	207.
2231	1741	19	207.
2232	1742	19	207.
2233	1743	19	208.
2234	1744	19	208.
2235	1745	19	209.
2236	1746	19	209.
2237	1747	19	210.
2238	1748	19	212.
2239	1750	19	213.
2240	1752	19	213.
2241	1753	19	214.
2242	1754	19	214.
2243	1755	19	214.
2244	1756	19	214.
2245	1757	19	215.
2246	1758	19	215.
2247	1759	19	215.
2248	1760	19	216.
2249	1761	5	426.
2250	1761	19	247.
2251	1762	5	427.
2252	1762	19	228.
2253	1763	5	427.
2254	1763	19	269.
2255	1764	5	427.
2256	1764	19	218.
2257	1765	5	428.
2258	1765	19	232.
2259	1766	5	428.
2260	1766	19	269.
2261	1767	5	428.
2262	1767	19	270.
2263	1768	5	429.
2264	1768	19	257.
2265	1769	5	429.
2266	1769	19	238.
2267	1770	4	II, 313.
2268	1770	5	432.
2269	1770	12	IV, 239.
2270	1770	19	226.
2271	1771	5	432.
2272	1771	19	261.
2273	1772	5	432.
2274	1772	19	244.
2275	1773	5	433.
2276	1773	19	249.
2277	1774	5	433.
2278	1774	19	258.
2279	1775	5	433.
2280	1775	19	247.
2281	1776	5	435.
2282	1776	19	244.
2283	1777	5	435.
2284	1777	19	257.
2285	1778	5	435.
2286	1778	19	250.
2287	1779	5	436.
2288	1779	19	239.
2289	1780	5	436.
2290	1780	19	261.
2291	1782	5	437.
2292	1782	19	257.
2293	1783	5	438.
2294	1783	19	251.
2295	1784	5	438.
2296	1784	19	253.
2297	1785	5	438.
2298	1785	19	239.
2299	1786	5	439.
2300	1786	19	270.
2301	1787	5	440.
2302	1787	19	245.
2303	1788	5	440.
2304	1788	19	229.
2305	1789	5	440.
2306	1789	19	255.
2307	1790	5	441.
2308	1790	19	255.
2309	1791	5	441.
2310	1791	19	256.
2311	1792	5	441.
2312	1792	19	248.
2313	1793	5	442.
2314	1793	19	262.
2315	1794	5	442.
2316	1794	19	230.
2317	1795	5	443.
2318	1795	19	274.
2319	1796	5	444.
2320	1796	19	218.
2321	1797	5	445.
2322	1797	19	241.
2323	1798	5	445.
2324	1798	19	250.
2325	1799	5	447.
2326	1799	19	256.
2327	1800	5	447.
2328	1800	19	266.
2329	1801	5	447.
2330	1801	19	251.
2331	1802	5	448.
2332	1802	19	245.
2333	1803	5	448.
2334	1803	19	263.
2335	1804	5	448.
2336	1804	19	252.
2337	1805	5	449.
2338	1805	19	220.
2339	1806	5	449.
2340	1806	19	220.
2341	1807	5	450.
2342	1807	19	259.
2343	1808	5	450.
2344	1808	19	248.
2345	1809	5	451.
2346	1809	19	270.
2347	1810	5	452.
2348	1810	19	268.
2349	1811	5	452.
2350	1811	19	237.
2351	1812	5	452.
2352	1812	19	272.
2353	1813	5	453.
2354	1813	19	252.
2355	1814	5	454.
2356	1814	19	242.
2357	1815	5	454.
2358	1815	19	239.
2359	1816	5	455.
2360	1816	19	259.
2361	1817	5	455.
2362	1817	19	264.
2363	1818	5	456.
2364	1818	19	259.
2365	1819	5	456.
2366	1819	19	227.
2367	1820	5	457.
2368	1820	19	264.
2369	1821	5	457.
2370	1821	19	260.
2371	1822	5	458.
2372	1822	19	272.
2373	1823	5	458.
2374	1823	19	240.
2375	1824	5	459.
2376	1824	19	252.
2377	1825	5	460.
2378	1825	19	227.
2379	1826	5	460.
2380	1826	19	253.
2381	1828	5	430.
2382	1828	19	235.
2383	1829	5	430.
2384	1829	19	253.
2385	1830	5	430.
2386	1830	19	249.
2387	1831	5	460.
2388	1831	19	222.
2389	1832	5	461.
2390	1832	19	258.
2391	1833	5	462.
2392	1833	19	246.
2393	1834	5	462.
2394	1834	19	242.
2395	1835	5	463.
2396	1835	19	265.
2397	1836	5	463.
2398	1836	19	241.
2399	1837	5	464.
2400	1837	19	228.
2401	1838	5	465.
2402	1838	19	246.
2403	1839	5	465.
2404	1839	19	237.
2405	1840	5	467.
2406	1840	7	80 (1997) 408.
2407	1840	19	224.
2408	1841	5	467.
2409	1841	19	260.
2410	1842	5	469.
2411	1842	19	231.
2412	1843	5	469.
2413	1843	19	243.
2414	1844	5	470.
2415	1844	19	238.
2416	1845	5	470.
2417	1845	19	265.
2418	1846	5	470.
2419	1846	19	246.
2420	1847	5	471.
2421	1847	19	258.
2422	1848	5	472.
2423	1848	19	256.
2424	1849	5	472.
2425	1849	19	271.
2426	1850	5	473.
2427	1850	19	261.
2428	1851	5	473.
2429	1851	19	260.
2430	1852	5	472.
2431	1852	12	III, 1493.
2432	1852	19	225.
2433	1853	5	431.
2434	1853	19	265.
2435	1854	5	431.
2436	1854	19	268.
2437	1855	5	517.
2438	1855	12	I, 145.
2439	1856	5	519.
2440	1857	5	520.
2441	1858	5	520.
2442	1859	5	521.
2443	1860	5	522.
2444	1861	5	524.
2445	1862	5	524.
2446	1863	5	525.
2447	1864	5	525.
2448	1865	5	526.
2449	1865	12	IV, 319.
2450	1866	5	527.
2451	1867	5	528.
2452	1868	5	529.
2453	1869	5	530.
2454	1869	12	I, 609.
2455	1870	4	III, 220.
2456	1870	5	531.
2457	1870	12	VII, 323.
2458	1871	5	532.
2459	1872	5	532.
2460	1873	5	532.
2461	1873	12	VIII, 462.
2462	1874	5	533.
2463	1875	5	535.
2464	1876	5	536.
2465	1877	5	537.
2466	1878	5	538.
2467	1879	5	539.
2468	1880	5	540.
2469	1881	5	541.
2470	1882	5	541.
2471	1883	5	542.
2472	1885	5	543.
2473	1886	5	545.
2474	1887	5	545.
2475	1888	4	VI, 435.
2476	1888	5	546.
2477	1888	7	10 (1919) 131.
2478	1888	12	V, 247.
2479	1889	5	547.
2480	1890	5	548.
2481	1891	4	VII, 62.
2482	1891	5	548.
2483	1892	5	549.
2484	1893	4	VIII, 23.
2485	1893	5	549.
2486	1893	9	118.
2487	1894	5	552.
2488	1895	5	553.
2489	1896	5	553.
2490	1897	5	554.
2491	1898	5	554.
2492	1899	5	556.
2493	1900	5	557.
2494	1901	5	557.
2495	1902	5	558.
2496	1903	4	IX, 137.
2497	1903	5	559.
2498	1903	12	X, 758.
2499	1904	5	560.
2500	1905	5	561.
2501	1905	7	37 (1951) 249.
2502	1906	5	561.
2503	1907	5	561.
2504	1908	5	565.
2505	1909	5	565.
2506	1910	5	568.
2507	1911	5	571.
2508	1912	5	571.
2509	1913	5	572.
2510	1914	4	X, 153.
2511	1914	5	572.
2512	1914	12	II, 1298.
2513	1915	5	573.
2514	1916	5	574.
2515	1917	5	577.
2516	1918	5	578.
2517	1919	5	578.
2518	1920	5	579.
2519	1922	5	580.
2520	1923	5	581.
2521	1924	5	581.
2522	1925	5	582.
2523	1925	7	75 (1991) 370.
2524	1926	5	583.
2525	1927	5	583.
2526	1927	8	46 (1953) 71.
2527	1928	5	585.
2528	1929	5	586.
2529	1930	5	586.
2530	1931	5	586.
2531	1932	5	644.
2532	1933	5	644.
2533	1934	4	II, 109.
2534	1934	5	645.
2535	1935	5	647.
2536	1936	5	648.
2537	1937	5	649.
2538	1940	4	III, 290.
2539	1940	5	652.
2540	1941	5	653.
2541	1942	5	654.
2542	1943	5	654.
2543	1944	5	655.
2544	1944	8	39 (1941) 229 en 82 (1992) 5.
2545	1945	5	657.
2546	1946	5	658.
2547	1947	5	660.
2548	1948	5	661.
2549	1949	5	662.
2550	1950	5	663.
2551	1951	5	663.
2552	1952	5	664.
2553	1953	5	665.
2554	1954	5	665.
2555	1955	5	666.
2556	1956	5	667.
2557	1957	5	667.
2558	1958	5	668.
2559	1958	12	III, 633.
2560	1959	5	669.
2561	1960	5	671.
2562	1961	4	VIII, 79.
2563	1961	5	671.
2564	1961	12	III, 747.
2565	1962	5	672.
2566	1962	7	2 (1911) 320.
2567	1964	5	673.
2568	1965	5	674.
2569	1966	5	675.
2570	1967	5	675.
2571	1968	5	676.
2572	1969	5	678.
2573	1970	5	679.
2574	1972	5	680.
2575	1973	5	680.
2576	1974	5	681.
2577	1975	5	682.
2578	1976	5	682.
2579	1977	5	684.
2580	1977	8	44 (1951) 435.
2581	1978	5	684.
2582	1979	5	685.
2583	1980	5	688.
2584	1981	4	XI, 36.
2585	1981	5	688.
2586	1981	7	7 (1916) 369.
2587	1981	12	IV, 1301.
2588	1982	5	689.
2589	1983	5	691.
2590	1983	7	43 (1957) 290.
2591	1984	5	692.
2592	1985	5	692.
2593	1986	5	693.
2594	1988	5	696.
2595	1989	5	697.
2596	1990	5	698.
2597	1991	5	700.
2598	2001	19	152.
2599	2002	19	149.
2600	2005	19	158.
2601	2016	10	1263.
2602	2016	18	231.
2603	2029	4	II, 81.
2604	2032	8	79 (1988) 438.
2605	2032	12	X, 41.
2606	2034	4	II, 159..
2607	2034	7	6 (1915) 30.
2608	2034	12	I, 346.
2609	2051	8	79 (1988) 390.
2610	2084	8	82 (1992) 5.
2611	2088	7	41 (1955) 109.
2612	2094	4	IV, 142.
2613	2096	4	IV, 144.
2614	2096	12	I, 781.
2615	2099	3	no. 4409
2616	2101	3	no. 0779
2617	2103	4	VI, 21.
2618	2103	12	VI, 510.
2619	2112	8	83 (1993) 143.
2620	2113	4	VII, 49.
2621	2113	12	I, 935.
2622	2124	8	83 (1993) 571.
2623	2139	8	85 (1995) 207.
2624	2141	7	16 (1926) 179.
2625	2141	12	I, 1136.
2626	2144	7	48 (1962) 169.
2627	2145	4	VI, 363.
2628	2145	7	51 (1965) 62.
2629	2145	12	VIII, 834.
2630	2152	7	30 (1944) 150.
2631	2166	7	46 (1960) 196.
2632	2170	12	X, 488.
2633	2177	7	6 (1915) 202.
2634	2197	4	VIII, 214.
2635	2201	7	75 (1991) 209.
2636	2201	12	I, 1342.
2637	2202	7	78 (1994) 264.
2638	2220	7	14 (1924) 228.
2639	2238	12	V, 600.
2640	2250	7	62 (1976) 293.
2641	2266	7	13 (1923) 340.
2642	2276	7	19 (1930) 216.
2643	2283	7	31 (1945) 265.
2644	2284	8	45 (1952) 38.
2645	2292	7	17 (1927) 340.
2646	2294	7	28 (1942) 322.
2647	2304	4	XI, 17.
2648	2307	4	XI, 44.
2649	2307	12	VII, 1240.
2650	2315	7	16 (1926) 301.
2651	2316	4	XI, 96.
2652	2316	7	53 (1967) 295.
2653	2317	4	XI, 98.
2654	2317	7	53 (1967) 88.
2655	2319	4	XI, 106.
2656	2319	12	X, 1134.
2657	2327	7	15 (1925) 482.
2658	2330	7	1 (1910) 475.
2659	2330	12	IV, 1433.
2660	2332	7	3 (1912) 424.
2661	2340	7	2 (1911) 512.
2662	2369	7	3 (1912) 338.
2663	2375	7	11 (1920) 354.
2664	2375	8	79 (1988) 337.
2665	2382	8	46 (1953) 71.
2666	2388	12	III, 194.
2667	2389	7	52 (1966) 167.
2668	2397	4	VIII, 195.
2669	2397	7	14 (1924) 184.
2670	2397	12	IV, 929.
2671	2412	7	36 (1950) 244.
2672	2412	16	289.
2673	2418	7	19 (1930) 270.
2674	2427	4	III, 152.
2675	2427	12	VII, 302.
2676	2428	9	106.
2677	2428	12	VIII, 299.
2678	2430	8	90 (2002/2003) 181.
2679	2432	12	V, 154.
2680	2432	21	II, 988.
2681	2434	7	7 (1916) 168.
2682	2435	4	I, 121.
2683	2435	7	52 (1966) 14.
2684	2435	12	I, 181.
2685	2437	8	44 (1951) 345.
2686	2437	9	147.
2687	2447	5	673.
2688	2463	12	IX, 612.
2689	2464	4	VI, 226.
2690	2465	8	46 (1953) 35.
2691	2467	8	80 (1989) 546.
2692	2467	12	II, 262.
2693	2469	7	56 (1970) 72.
2694	2470	8	82 (1992) 402.
2695	2471	12	X, 691.
2696	2473	8	84 (1994) 460.
2697	2473	9	141.
2698	2476	4	IV, 67.
2699	2481	7	2 (1911) 406.
2700	2489	16	288.
2701	2490	8	44 (1951) 244.
2702	2490	12	VII, 1146.
2703	2492	12	II, 1058.
2704	2494	4	VIII, 130.
2705	2500	7	37 (1951) 126.
2706	2501	7	68 (1984) 207.
2707	2503	7	85 (2003/2004) 345.
2708	2504	17	378.
2709	2505	4	II, 481.
2710	2505	12	IV, 342.
2711	2509	7	31 (1945) 314.
2712	2513	7	52 (1966) 53.
2713	2516	6	no. 881
2714	2516	12	I, 693.
2715	2521	4	XII, 31.
2716	2521	12	X, 1157.
2717	2523	7	9 (1918) 140.
2718	2523	16	286.
2719	2525	7	24 (1938) 253.
2720	2530	3	nr. 3606
2721	2535	2	52.
2722	2535	9	138.
2723	2536	7	13 (1923) 340.
2724	2541	7	41 (1955) 344.
2725	2555	7	46 (1960) 211.
2726	2555	26	360.
2727	2556	4	VI, 106.
2728	2556	12	VIII, 734.
2729	2561	12	VIII, 920.
2730	2570	8	79 (1988) 243.
2731	2571	7	18 (1828) 332.
2732	2573	12	II, 168.
2733	2586	12	V, 397.
2734	2591	4	XI, 74.
2735	2592	4	I, 102.
2736	2592	12	I, 162.
2737	2592	20	125.
2738	2593	12	IX, 921.
2739	2601	7	1 (1910) 272.
2740	2618	7	39 (1953) 153.
2741	2621	4	VII, 48.
2742	2621	12	IV, 648.
2743	2639	4	IX, 74.
2744	2655	4	II, 81.
2745	2656	4	VII, 151.
2746	2658	4	II, 305.
2747	2659	4	X, 297.
2748	2664	4	III, 235.
2749	2664	12	I, 661.
2750	2691	7	"33 (1947) 175.
 NAZIEN JAARTAL ONLOGISCH."
2751	2711	4	II, 318.
2752	2711	12	IV, 252.
2753	2729	25	171.
2754	2730	8	45 (1952) 371.
2755	2730	25	96.
2756	2731	25	124.
2757	2738	8	42 (1949) 387.
2758	2746	7	33 (1947) 206.
2759	2760	21	II, 986.
2760	2765	7	2 (1911) 312.
2761	2770	7	7 (1916) 224.
2762	2795	7	67 (1983) 194.
2763	2798	7	41 (1955) 196.
2764	2803	21	II, 918.
2765	2815	4	VII, 6.
2766	2815	12	VI, 829.
2767	2824	7	52 (1966) 212.
2768	2852	7	10 (1919) 9.
2769	2852	12	I, 340.
2770	2853	7	23 (1937) 282.
2771	2882	25	36.
2772	2883	24	39.
2773	2883	25	76, 172.
2774	2904	8	46 (1953) 483.
2775	2904	25	124.
2776	2905	12	VIII, 1149.
2777	2914	7	51 (1965) 312.
2778	2919	12	VIII, 659.
2779	2919	17	431.
2780	2920	4	II, 480.
2781	2920	7	77 (1993) 138.
2782	2920	12	IV, 342.
2783	2920	17	375.
2784	2925	8	79 (1988) 144.
2785	2926	4	IX, 34..
2786	2926	8	42 (1949) 396.
2787	2928	4	X, 134.
2788	2928	8	44 (1951) 157.
2789	2929	8	44 (1951) 163.
2790	2932	7	11 (1920) 120.
2791	2932	26	362.
2792	2934	4	X, 18.
2793	2934	8	90 (2002/2003) 347.
2794	2934	12	II, 1160.
2795	2934	26	360.
2796	2935	8	45 (1952) 274.
2797	2936	8	44 (1951) 381.
2798	2937	7	43 (1957) 275.
2799	2939	7	6 (1915) 84.
2800	2940	3	no. 4411
2801	2942	4	VIII, 239.
2802	2942	12	VIII, 1084.
2803	2943	7	27 (1941) 295.
2804	2944	8	45 (1952) 419.
2805	2945	7	11 (1920) 407.
2806	2945	9	149.
2807	2945	12	III, 1421.
2808	2948	8	87 (1998) 236.
2809	2953	12	IX, 433.
2810	2967	4	II, 125.
2811	2967	7	77 (1993) 79.
2812	2967	12	IX, 58.
2813	2975	7	38 (1952) 200.
2814	2984	4	VII, 3.
2815	2984	12	X, 400.
2816	2986	7	31 (1945) 135.
2817	3014	12	IV, 568.
2818	3017	7	6 (1915) 180.
2819	3018	4	II, 80.
2820	3019	12	IX, 62.
2821	3022	4	VI, 39.
2822	3023	7	5 (1914) 11.
2823	3023	12	II, 65.
2824	3024	7	31 (1945) 381.
2825	3026	12	III, 625.
2826	3029	12	I, 683.
2827	3029	26	360.
2828	3031	7	11(1920) 121.
2829	3034	4	X, 195.
2830	3034	12	X, 914.
2831	3037	8	46 (1953) 358.
2832	3052	7	46 (1960) 185.
2833	3053	4	X, 238.
2834	3055	4	IV, 107.
2835	3055	12	IV, 531.
2836	3059	9	110.
2837	3063	4	II, 300.
2838	3064	7	57 (1971) 88.
2839	3064	12	VIII, 268.
2840	3070	8	46 (1953) 562.
2841	3081	8	84 (1994) 281..
2842	3082	12	I, 324.
2843	3083	8	43 (1950) 224.
2844	3084	7	33 (1947) 298.
2845	3086	8	44 (1951) 364.
2846	3086	12	X, 931.
2847	3088	4	IV, 83.
2848	3090	4	II, 164.
2849	3090	12	II, 146.
2850	3091	8	88 (1999) 442.
2851	3094	8	45 (1952) 337.
2852	3094	12	IX, 1114.
2853	3097	26	360.
2854	3101	8	42 (1949) 374.
2855	3104	4	VIII, 133.
2856	3112	16	288.
2857	3114	4	VI, 440.
2858	3115	4	IX, 58.
2859	3115	8	89 (2000/2001) 452.
2860	3115	9	145.
2861	3115	12	II, 1085.
2862	3123	7	2 (1911) 198.
2863	3124	8	82 (1992) 28.
2864	3127	4	XI, 50.
2865	3127	8	46 (1953) 35.
2866	3127	12	IX, 1193.
2867	3130	7	6 (1915) 125.
2868	3140	4	V, 87.
2869	3140	12	VII, 423.
2870	3146	7	47 (1961) 253.
2871	3148	9	117.
2872	3148	12	IX, 502.
2873	3149	4	VII, 66.
2874	3149	7	39 (1953) 114.
2875	3149	9	137.
2876	3149	12	IV, 660.
2877	3161	12	VIII, 428.
2878	3162	4	IX, 16.
2879	3171	8	89 (2000/2001) 508.
2880	3171	12	V, 517.
2881	3174	7	16 (1918) 56.
2882	3181	5	358.
2883	3189	5	366.
2884	3190	4	X, 273.
2885	3190	8	44 (1951) 470.
2886	3190	9	91.
2887	3195	9	70.
2888	3205	4	I, 129.
2889	3205	7	49 (1963) 38.
2890	3206	7	6 (1915) 276.
2891	3213	4	X, 195.
2892	3213	9	152.
2893	3215	8	46 (1953) 228.
2894	3223	7	27 (1927) 99.
2895	3226	9	159.
2896	3246	8	85 (1995) 346.
2897	3247	21	II, 680.
2898	3249	12	VII, 1131.
2899	3253	4	XI, 2.
2900	3253	7	32 (1946) 273.
2901	3257	4	IX, 10.
2902	3257	8	89 (2000/2001) 15.
2903	3257	20	119.
2904	3259	8	87 (1998) 17.
2905	3260	7	42 (1956) 155.
2906	3262	12	IX, 607.
2907	3264	7	39 (1953) 153.
2908	3265	26	361.
2909	3266	8	45 (1952) 361.
2910	3267	12	I, 1502.
2911	3267	20	44.
2912	3269	8	89 (2000/2001) 208.
2913	3275	7	3 (1912) 288.
2914	3275	26	360.
2915	3287	12	VIII, 1198.
2916	3289	8	45 (1952) 207.
2917	3299	8	45 (1952) 425.
2918	3312	15	22.
2919	3315	8	44 (1951) 19.
2920	3315	12	IX, 929.
2921	3316	4	VI, 124.
2922	3361	4	II, 80.
2923	3361	12	IV, 100.
2924	3377	7	43 (1957) 292.
2925	3396	4	VI, 106.
2926	3396	19	144.
2927	3401	7	6 (1915) 276.
2928	3404	19	75.
2929	3405	19	90.
2930	3406	19	114.
2931	3407	19	135.
2932	3408	19	144.
2933	3409	19	147.
2934	3410	19	149.
2935	3411	19	151.
2936	3412	19	152.
2937	3413	19	155.
2938	3414	19	156.
2939	3415	19	156.
2940	3416	19	157.
2941	3417	19	157.
2942	3418	19	158.
2943	3419	19	159.
2944	3421	19	208.
2945	3424	7	9 (1918) 76.
2946	3425	12	IX, 1234.
2947	3518	8	79 (1988) 504.
2948	3523	8	84 (1994) 315.
2949	3524	26	361.
2950	3529	26	360.
2951	3531	26	362.
2952	3550	4	36 (1950) 116.
2953	3569	8	46 (1953) 407.
2954	1259	16	286.
2955	1249	16	296.
2956	296	9	158.
2957	417	7	44 (1958) 291.
2958	2428	8	81 (1990/1991) 265.
2959	2476	8	81 (1990/1991) 268.
2960	1292	8	81 (1990/1991) 283.
2961	2680	7	7 (1916) 28; 58 (1972) 29.
2962	448	8	81 (1990/1991) 312.
2963	440	8	81 (1990/1991) 362.
2964	230	8	81 (1990/1991) 379.
2965	629	8	81 (1990/1991) 382.
2966	2516	8	81 (1990/1991) 389.
2967	1559	8	81 (1990/1991) 391.
2968	280	8	81 (1990/1991) 499.
2969	2438	8	81 (1990/1991) 5.
2970	16	8	81 (1990/1991) 71.
2971	514	8	81 (1990/1991) 286.
2972	142	8	86 (1996/1997) 304.
2973	1745	8	86 (1996/1997) 345.
2974	232	8	86 (1996/1997) 378.
2975	34	8	86 (1996/1997) 456.
2976	3270	8	86 (1996/1997) 472.
2977	295	9	148.
2978	2471	7	20 (1931/1932) 168.
2979	1557	7	35 (1949) 11.
2980	1610	7	12 (1921/1922) 149.
2981	898	7	18 (1928/1929) 195.
2982	2779	7	18 (1928/1929) 196.
2983	2807	7	18 (1928/1929) 196.
2984	2259	7	18 (1928/1929) 197.
2985	646	7	18 (1928/1929) 252.
2986	2984	7	20 (1931/1932) 118.
2987	511	7	20 (1931/1932) 339.
2988	799	7	21 (1933/1934) 138.
2989	423	7	21 (1933/1934) 383.
2990	356	7	21 (1933/1934) 388.
2991	960	7	21 (1933/1934) 478.
2992	2864	7	22 (1935/1936) 361.
2993	940	7	64 (1978/1979) 349.
2994	1891	7	65 (1980/1981) 174.
2995	1122	7	79 (1995/1996) 282.
2996	2388	7	79 (1995/1996) 85.
2997	381	8	41 (1943/1948) 38.
