	alias	IDPersoon
0	Pieter Claesz. Seylemaecker	1264
1	Cornelis Thomasz. Sevenhuijsen	1272
2	Thijman Osdorp	567
3	Sebastiaen Egberti	787
4	Gerard Adriaensz. Koel	931
5	Jan Maertsz.	1129
6	Dirk Dirksz. Ben	1137
7	Albert Borritsz.	1138
8	Johan d'Edel	408
9	Jacob van der Meer	915
10	Cornelis Tetrode van Weesp	857
11	Jan Jansz. Secretaris	1214
12	Cornelis Jansz. du Bois	1215
13	Cornelis Jacobsz. Everhardt	1211
14	Willem Jacobsz. Brassen	1017
15	Johan van Duvenvoirde (vóór 1600)	188
16	Nicolaus Bulius	1043
17	Pouwels Claesz. Haring	1283
18	Hendrik Jansz. Snouck	971
19	Henrick Melisz. Coppens	1222
20	Adriaen Dircxz. Jong(e)	1604
21	Anthony Leemans	1005
22	Francois Pietersz. Maekschoon	1128
23	Brienen Manchon	970
24	Claas Jansz. 't Hoen	1595
25	Gerard Pietersz. Twisch	1149
26	Engbert Engbertsz. Versteegh	958
27	Joan Schott	431
28	Aelbrecht van der Graaff	412
29	Claes Jacobsz. Simonsz.	1055
30	Nicolaas le Febre	1741
31	Johan van Wassenaer	1686
32	Thomas van de Nieuburg	1268
33	Franco de Vree	889
34	Wilhem Bardesius	1965
35	Rutger Wessel van den Boetzelaer	1335
36	Johan Claasz. Dirout	982
37	Hans Colterman	1717
38	Pieter van Blankenbort	1317
39	Gerard Hoeufft	2042
40	Capiteyn Vinck	2089
41	Adriaen Pietersz. van Vlaerdingen	2092
42	Oom Jan Pietersz.	2128
43	Jacob Pietersz. Muusses	2131
44	Jacob Pietersz. Meuwisz.	2131
45	Bertram Philip Sigismund Albrecht graaf van Gronsfeld Diepenbroick Impel	2022
46	Willem Jacobsz. Brassaert	1017
47	Willem Reyersz. Kievit	2177
48	Michiel Michielsz. Feltron	2336
49	Wenceslaus van den Boetzelaer	1335
50	Wouter Jacobsz. Scherf	2007
51	Adriaen Cornelisz. Stockman	2352
52	Johan Swinnes	2391
53	Johan Swijsnas	2391
54	Cornelis Tymonsz. Schipper	2357
55	Claes Jacobsz. Haringcarspel	2355
56	Jacob Claesz. Haringcarspel	2401
57	Jacob Schoen	1051
58	Jan Cornelisz. Schellinger	2310
59	Jan Teen	2309
60	Jan Tedijn	2309
61	Jan Symonsz. Soutman	2311
62	Willem Jansz. Swan	2000
63	Jan Cornelisz. Schipper	2310
64	Dirck Heyndricksz. Dyckgraeff	2493
65	Gerard Fladderack	2463
66	Jacob Josias Wybout	454
67	Symon Cornelisz. Hugens	2361
68	Diederik Diederiksz. 't Hooft	1796
69	Diederik Diederiksz. Theuft	1796
70	Johan Eliasz. van Loo	2449
71	Louis Huriblock	2188
72	Jacob Pauli	2706
73	Adriaen de Jongh	1646
74	Cornelis de Neyn	1818
75	Franchois Regius	2785
76	Dirk Thierry Jansz. van Woerden	2787
77	Evert de Neyn	1825
78	Geraart Montaigne	1635
79	Cornelis Neostadius	1682
80	Dirk van de Nieuburg	1625
81	Frederik Harmens	1634
82	Jan Arnold Ludolf Mulert tot Baeckenhagen	3520
83	Arent Hendrik ten Oever	3362
84	Arent van Lauwick	3379
85	Ernst van der Ceurbeecke	3538
86	Jan Gijsbert Reinder Opten Noort	3550
87	Jan Veen	3593
88	Diederik van Romond	3605
89	Pieter Derk Golts	3409
90	Rutger van Haersolte tot Toutenburg	3655
91	Rutger van Haersolte tot Hoenlo	3656
92	Roelof van Hoevel tot Nijenhuis	3681
93	Arend Veen	3686
94	Johan Everhard Adolf van Rechteren tot de Eze	3695
95	Lodewijk Arend Gansneb genaamd Tengnagel tot Oldhuis	3519
96	Lodewijk Arend Gansneb genaamd Tengnagel tot Oldenhof	3519
97	Gijsbert Kuijper	3295
98	Jan van Schrick	3292
99	Bartold ter Barhurst	3540
100	Theymen Vrieze	3598
101	Diederich van Willig tot Oldenhof	3636
102	Carl Philip Crafft van Huffel van Neÿwindeck	3517
103	Adolf Carel Bentinck tot Nijenhuis	3717
104	Borchard Amelis van Coeverden tot Hengelo	3720
105	Georg Otto von Munchausen tot Oldemeule	3721
106	Jan Zeger Sloet tot Grimberg	3723
107	Johan van Echten tot Olduitenborgh	3724
108	Boldewijn Sloet tot Lindenhorst	3366
109	Rutger van Haersolte tot Paaslo	3655
110	Hendrik van Isselmuden tot Hogenhuys	3371
111	Philip Gerrit van Echten tot Oldruitenborgh	3661
112	Sloet tot Lindenhorst	3735
113	Christoffel Hendriksz. Grauweijck	3747
114	Engbert Claasz. Engberts	3591
115	Marten Albertsz. Martens	3340
116	Johan Louwensz. Buijs	3755
117	Hendrik Crachtsz. Stuirman	3760
118	Dirk Hendriksz. Vrese	3682
119	Otto van Bijssel	3762
120	Herman Ewouts	3779
121	Herman ter Beecke	3739
122	Erasmus van Romondt	3607
123	Alexander Wijdenbrugh	2262
124	Arent Rijckarsse	3870
125	Johan de Bruyne	3145
126	Taems Gerritsz. van der Does	2396
127	Dirck Jacobsz. Seijs	2486
128	John Melvill	69
129	Jacob Fransz. Wittens	142
130	Carel Antoni Maclaine	561
131	Willem van Goedereede	671
132	Hugo van Erkel	724
133	Thomas Verver	3288
134	Joan van der Beek	3291
135	Goswijn Hogers	3294
136	Janus Dousa	2824
137	Pieter de Hiniossa	1676
138	Apollonius Schotte	1683
139	Ellert de Veer	1712
140	Jacob Gerritsz. Koorn	1715
141	George Rataller	1736
142	Jacob Scotte	1753
143	Nicolaas Ruysch Claassen	2837
144	Dirk Jansz. Graswinckel	1754
145	Cornelis Boey	2766
146	Cornelis Boyus Ictus	2766
147	Jacob Jes	1679
148	Dirck Outgersz. Oostzanen	515
149	Claes Allert Doctor	1043
150	Johan Bets	1631
151	Joris van Hoogwerf	2600
152	Johan Swijnaart	2391
153	Johan Swijnas	2391
154	Duvenvoorde	2335
155	David Jacobsz. Verheul	2326
156	Antoine Genits	2838
157	Ellert de Veer	2826
158	Jacob Gerritsz. Cassaties	2860
159	Hendrick Dircksz. Wems	2865
160	Hendrick Dircksz. Wemmes	2865
161	François Riccen	1779
162	Hendrick Dircksz. Wemes	2865
163	Jan Tijmonsz. Gast	1519
164	Jacob Jansz. Mars	1307
165	Gerardt Duesen	1616
166	Hubrecht Jan Anthonisse	2946
167	Cornelis Fransz. Wittens	143
168	Cornelis Fransz. de Witte	143
169	Hubrecht de Jonge	2946
170	Dirk van Teylingen	696
171	Albrecht van Schagen	2014
172	Theodoricus van Leyden van Leeuwen	1613
173	Gerardt Doesze	1616
174	Gerardt Deuse	1616
175	Gerardt Deusze	1616
176	Frederick Boymer	2853
177	Floris Schoterbosch	1667
178	Andries Cornelisz. de Witte	1708
179	Frederik de Lier	1804
180	Johan Iman Cau van de Dussen	2735
181	Johan van Zuijrendael	2791
182	Franchois Boot	2796
183	Cornelis van Groendijk	1785
184	Meinardus van Buuren	2799
185	Johan Raven	1847
186	Evert Both van der Eem	2840
187	Pieter Rosa (vanaf 1682)	238
188	Jan Arentsz. Snyder	3011
189	Dirck Reynersz. Bood	3015
190	Jan Adriaensz. Croon	3018
191	Bouwen Heijnsz.	1175
192	Govert Christiaensz. van Slingeland	2516
193	Adriaan Andriesz. de Lange	959
194	Everard Verschuyr	2328
195	Adriaan van Clevesteijn	1072
196	Willem Keyzer	1403
197	Diderik van der Meyden	1926
198	Gerrit Aertsz. van Hasselt	2339
199	Wouter Jacobsz. Schaep	2007
200	Wouter Jacobsz. Scharp	2007
201	Jan Dircksz. van der Zeijde	2353
202	David Jacobsz. van den Heuvel	2326
203	Johan Pauli	1621
204	Pieter Arijensz. Bois	1026
205	Pieter Arijensz. Boys	1026
206	Carel Bosgaert	1409
207	Bruine Arendsz. van der Dussen	1022
208	Cornelis Mesen	1032
209	Nicolaas Ewoutsz. Vermeulen	2284
210	Zacharias Hoffdijck van Beresteyn	346
211	Dirk Jansz. Heemskerk van Beest	298
212	Michiel Willemsz. van Hoyst	1330
213	Jan Pietersz. Reijnse	543
214	Cornelis de Jonge	592
215	Arnout Daye de Jode jr.	852
216	Paulus Bordsen	1689
217	Paulus Baertssen	1689
218	Paulus Basson	1689
219	Louis Heuriblocq	2188
220	Louis Huerenblock	2188
221	Pieter Claesz. Verhorst	2367
222	Job Pietersz. Ruvere	1970
223	Job Pietersz. van Ruiven	1970
224	Job Pietersz. van Roeren	1970
225	Willem Vrancken	2368
226	Pieter Rodincx	1994
227	Jan Cornelisz. Verhé	2002
228	Mattheus Augustijnsz. Steyns	2006
229	Jan Cornelisz. Schellingen	2310
230	Cornelis Nicolai	660
231	Cornelis Florisz. Blom	2494
232	Wigbold Adriaan Graaf van Nassau-Bergen	2660
233	Cornelis Teymon	2877
234	Jacob de Block	2960
235	Nicolaas de Block	2959
236	Johan Ghyselingh	3119
237	Gasper Ingelsen	3120
238	Ingel Leunissen	3115
239	Adriaan Mannemaker	3057
240	Diderik Buysero	2994
241	Johan Gijseling	3193
242	Salomon Dierquens	418
243	André Hesselt van Dinther	3227
244	Andries Hessels van Dinther	3227
245	Mattheus Hessels van Dinther	3231
246	Jasper van Kinschot	407
247	Boudewijn van Barlicom	3245
248	Gijsbrecht van Loen	3253
249	Cornelis Vrancken	3252
250	Derk Frederik van Voorst tot Alerdinck	3413
251	Borchard Joost van Welvelde tot Buckhorst	3268
252	Wolter Jan van Broeckhuysen tot den Doorn	3272
253	Wolf Bentinck tot Langevelso	3273
254	August Leopold van Pallandt tot Eerde	3277
255	Gerrit Helmich van Voorst tot Alerdinck	3279
256	Robert Hendrik van Hambroeck tot Welefelt	3330
257	Frederik Gijsbert van Dedem tot den Pekkedam	3331
258	Frederik Gijsbert van Dedem tot Hackmeule	3331
259	Arend van Raesfelt tot Elssen	3329
260	Arend Coenraad van der Lauwick tot Benthuis	3445
261	Christoffel Aemilius van Voorst tot Hagenvoorde	3499
262	Gillis de Geerbode	994
263	Adriaan van Allemande	1003
264	Jacob Wormersen van Schonen	1051
265	Cornelis van Nierop	1066
266	Joachim van Nierop	1067
267	Adriaan de Raat	1099
268	Cornelis Cornelisz. Butterkooper	1231
269	Adriaen 't Jonk	1646
270	Kasper van Poelgeest	1983
271	Joos de Huybert	3156
272	Cornelis Joansz. Steengracht de Wehl	3186
273	Gerhardt Doncker	3290
274	Roelof van den Clooster tot Groenlo	3509
275	Pieter Stas	3258
276	Henrick Nieulandt	3565
277	Johan d'Alles	3178
278	Cornelis Munnicken	2880
279	Bonaventura Broen de Keijzer	2924
280	Jacob Arent Baron de Perponcher Sedlnitsky	430
281	Willem Coux	2928
282	George Rathaller	1736
283	Alexander Widenbrug	2262
284	Crijn Takesz. Ossekooper	1235
285	Frederik Ricxen	1759
286	Jacob Pietersz. Tromp	2130
287	Nanning Kayser	2241
288	Jan Jansz. Teengh van Berkhout	2309
289	Willem van der Aa	2368
290	Jacob Johansz. van Meeuwen	2479
291	Willem Cornelisz. de Jonge	2521
292	Aelbert Nierop	2715
293	Johan Valentijn Sprenger	3167
294	Gerhard Joan van Suchtelen	3306
295	Berent de Lespierre	3743
296	Roelof van Hoevell tot Nijenhuis	3808
297	Roelof van Hoevell tot den Dam	3808
298	Pieter de Hynojossa	1676
299	Jodocus de Huybert	3156
300	Pieter Ingelveert	3053
301	Pieter Engelvaart	3053
302	Cornelis Staefnisse	3144
303	Cornelis Staefvenisse	3144
304	Joos Ewoudsz. Teeling	3079
305	Pieter Duijvelaer	3157
306	François Valerius	4043
307	David Hubert Verelst	3852
308	Jan van de Werke	3140
309	Nicolaas Willemsz. van Cromstryen	4059
310	Dirck Stickingh	3283
311	Lambert ter Cuelen	3812
312	Lambert ter Coelen	3812
313	Hendrik Haga	3364
314	Diederik Stikke	3283
315	Arnold Lemker	3296
316	Casper ter Borchorst	3339
317	Casper ter Borgersz.	3339
318	Hendrik ter Coelen	3381
319	Steven Cornelisz. Nijs	3067
320	Pieter Jansz. Liorne	4078
321	Pieter Jansz. Livorne	4078
322	Willem Pietersz. Caescooper	2524
323	Theodorus Huberti	3816
324	Willem Ripperda tot Hengelo	3317
325	Ernst van Ittersum tot de Hofstede	3631
326	Willem Ripperda tot Boekelo	3317
327	Arend Sloet tot Tweenijenhuizen	3455
328	Willem Jurjen van den Boetzelaer tot Westerholt	3706
329	Peter van Uterwyck tot Alerdinck	3436
330	Ernst van Ittersum tot Beverveurde	3437
331	Gerrit Sloet tot Bannevelt	3453
332	Arend Herman Sloet tot Tweenijenhuizen	3732
333	François Francq	1655
334	Crijn Takesz. Osseweyer	1235
335	Pieter Ingelbert	3053
336	Feynte Fredericx	4109
337	George de Bie	3997
338	Jacques Walravens	4110
339	Fento Rixen	4109
340	Fento Fredericsz. Blauvelt	4109
341	Pieter van Borre	3257
342	Augustinus Bakker	3969
343	Jacob Fabrice Bouman	3989
344	Jacob van Aerssen	3230
345	Pierre Changuion	4149
346	Hendrik Verburch	4171
347	Casper Fagel	770
348	Hendrik Huigh	1162
349	Comen Reyner Fransz.	1195
350	Adolphus Transisulanus van Voorst	1852
351	Hendrik Willemsz. van den Broeck	1972
352	Willem van Lijere	2019
353	Galenus Bevers	2990
354	Jodocus Fockinck	3574
355	Theodorus Berdenis	3742
356	Johan ter Beeck	3810
357	Adriaan van der Hooge	2834
358	Nicolaas Willem Symonsz. Cromstryen	4059
359	Johan Ghiselyn	3193
360	François Francken	1655
361	Johan van Boeckhoven	2954
362	Diederik van Egmond van de Nijenburg	1625
363	Gerrit Jansz. van de Nieuburch	1266
364	Cornelis Jansz. van de Nieuwburg	1980
365	Johan Gerritsz. van de Nijenburgh	1275
366	Lucas Siberti	4200
367	Gasper Jacob van Citters	2940
368	Jan André van der Meulen	4239
369	Meynart van Hensz.	4212
370	Meynart van Huessen	4212
371	Meynart van Huissen	4212
372	Jacob van Beresteyn	4211
373	Jan Claasz. Noortland	2232
374	Joachim van den Boetzelaer tot Toutenburg	4096
375	Van Pallandt tot Beerse	3716
376	Van Wassenaer van Starrenburg	250
377	Hendrik Jansz. Mossel van Stralen	471
378	Steengracht van Oosterland	2216
379	Griffioen van Waarder	2852
380	Sloet van Warmelo	3415
381	Sloet van Westerholt	3417
382	Van Rhemen van Rhemenshuizen	3501
383	Van Rhemen van Rhemenshuizen en de Geldersche Toren	3501
384	Van Isselmuden van Zwollingercamp	3502
385	Van Heerdt tot Eversberg	3522
386	Gansneb genaamd Tengnagel van de Luttenberg	3676
387	Van Pallandt van Eerde	3716
388	Sloet van Tweenyenhuizen en Bredenhorst	3736
389	Borssele van der Hooghe	3839
390	Van Nagell van Ampsen	4249
391	Van Boetzelaer van Kijfhoek	1957
392	Calkoen van Kortenhoef	755
393	François van Harencarspel Decker van Beverwijk	2126
394	Van Kuffeler van Hoogeveen	2088
395	Van der Mandere van Ouwerkerk	3869
396	Nagell	4249
397	Buyesius	1669
398	Edzard Jacob Lewe van Middelstum	5098
399		5547
400	Berend Alting	5330
401	Daniel Henri l'Argentier	5702
402	Hindrick Grauwens	5403
403	Johannes Grauwens	5435
404	Hendrik van Heek	4285
405	Borchert van Aswede	4288
406	Nicolaas van Millinga	4289
407	Sijger Sijgers	4290
408	Siger de Sigers	4290
409		4303
410	Rudolf Dijk	4311
411	Eling Ketel	4322
412	Hendrik Swartte	4323
413		5380
414	Pompejus de Valcke	4370
415	Abel Coenders de oudere	5011
416	Abel Coenders de jongere	5741
417	Sijger Sijgers in den Dam	5386
418	Wicher Wichers de jongere	5744
419	Wicher Wichers de oudere	5745
420	Theodorus Jacob Clant	5136
421		5350
422	Johan de Mepsche op den Ham	5378
423	Willem Ubbena de jonge	5423
424	Edzard Rengers ten Post	5472
425	Reint Alberda de jonge	5594
426		5596
427	Ulrich van Ewsum	5675
428	Focko Ulfarts van Hoysum	5446
429		5009
430	Otto van Farmsum	5026
431		5931
432	Johan van Meurs	5192
433	Jan Remmert Clant van Godlinze	5271
434	Hendrik van Bushoff (Boshoff).	6577
435	Meurs	6578
436	Hartfelt	5760
437	Joan Frederik Gordon	5174
438	Adriaan Wolter Willem Stoet tot Diepenbroek	6796
439	Alexander Munq de oude	6941
440	't manke van Furstendom van Gelre	4960
441	Guillielmo Bartolotti	7387
442	Cornelis Nicolaessoon	7481
443	van Diederen	6586
444	Martin Gregorii	5749
445		7681
446		7684
447	Willem Jansz. Franken Lakekooper	6748
448	Bossu	8108
